x_mean,x_min,x_max,x_amp,relative_amp_x,y_mean,y_min,y_max,y_amp,relative_amp_y,z_mean,z_min,z_max,z_amp,relative_amp_z,k_fear,alpha_mem,class,continuation
58.727265796366794,1.1952459975812342,96.35308835229588,95.15784235471465,1.620334968167376,9.56287654644326,1.2302267020824738,26.62344388456439,25.39321718248192,2.6553952734989363,9.569358090287485,1.2303870401056272,26.621541320461183,25.391154280355558,2.653381140175317,0.0,10.0,oscillatory_coexistence,True
30.000000000012125,29.999999986501116,30.00000001338875,2.6887633453043236e-08,8.962544484343825e-10,4.999999999998644,4.999999999944871,5.000000000032346,8.747491619942593e-11,1.7494983239886433e-11,5.000000000146873,4.99999982278205,5.000000177208061,3.5442601031832055e-07,7.088520206156771e-08,0.2,10.0,stable_coexistence,True
29.99999999997004,29.999999986811527,30.000000013188128,2.6376600459343535e-08,8.792200153122999e-10,3.291561975888524,3.291561975877647,3.2915619758993464,2.169953106090361e-11,6.592472272997214e-12,3.2915619756232584,3.2915618590932243,3.2915620926807323,2.3358750800284156e-07,7.096555062085401e-08,0.4,10.0,stable_coexistence,True
30.0000000000159,29.99999998707282,30.000000012928982,2.585616343253605e-08,8.618721144173829e-10,2.4999999999999902,2.4999999999919194,2.50000000000808,1.616085043565363e-11,6.464340174258891e-12,2.500000000109162,2.49999991122649,2.50000008878606,1.77559569713992e-07,7.102382788246715e-08,0.6000000000000001,10.0,stable_coexistence,True
30.00000000001668,29.99999998727372,30.000000012727046,2.545332478121054e-08,8.484441593731847e-10,2.0293442287247405,2.0293442287182915,2.029344228731204,1.291233786560042e-11,6.362813012609642e-12,2.0293442288193213,2.0293441565969643,2.0293443008569763,1.4426001193612592e-07,7.108700923548379e-08,0.8,10.0,stable_coexistence,True
29.999999999985057,29.99999998742673,30.000000012575903,2.514917341045475e-08,8.383057803488813e-10,1.7134302209382872,1.7134302209328929,1.7134302209436658,1.0772938097147744e-11,6.287351515979515e-12,1.7134302208657561,1.71343015998285,1.7134302819061307,1.2192328058269197e-07,7.115742391949632e-08,1.0,10.0,stable_coexistence,True
30.000000000012776,29.99999998754565,30.000000012456205,2.4910555396218115e-08,8.303518465402226e-10,1.4852749859377183,1.4852749859330983,1.4852749859423464,9.248157795127554e-12,6.226562678750403e-12,1.4852749859919745,1.485274933052763,1.4852750388305784,1.05777815395669e-07,7.121766433368677e-08,1.2000000000000002,10.0,stable_coexistence,True
30.00000000001956,29.999999987637015,30.000000012362182,2.4725167691030947e-08,8.241722563671334e-10,1.3121396091048212,1.312139609100773,1.3121396091088817,8.108624882652293e-12,6.179696753593199e-12,1.312139609178827,1.312139562334348,1.3121396558722354,9.353788743560187e-08,7.128653596096314e-08,1.4000000000000001,10.0,stable_coexistence,True
30.000000000008534,29.999999987708822,30.00000001228817,2.457934655808458e-08,8.193115519358924e-10,1.175954566950063,1.1759545669464535,1.175954566953678,7.224443265840819e-12,6.1434714136719375e-12,1.1759545669792133,1.175954524985003,1.1759546089047557,8.39197527024993e-08,7.136309093811388e-08,1.6,10.0,stable_coexistence,True
30.00000000001634,29.999999987772487,30.00000001222539,2.4452901925542392e-08,8.15096730850942e-10,1.0658668946922865,1.0658668946890324,1.0658668946955503,6.517897332969369e-12,6.1151137777339046e-12,1.0658668947431196,1.0658668566299097,1.0658669327480577,7.611814800689842e-08,7.141430921838692e-08,1.8,10.0,stable_coexistence,True
30.000000000019714,29.999999987825138,30.000000012175658,2.435051982274672e-08,8.116839940909969e-10,0.974937185533095,0.9749371855301325,0.9749371855360669,5.934364111226387e-12,6.086919443918218e-12,0.97493718558951,0.9749371506934209,0.9749372203750566,6.96816356837715e-08,7.147294893831135e-08,2.0,10.0,stable_coexistence,True
30.000000000024553,29.999999987867504,30.00000001213249,2.4264984688215918e-08,8.088328229398417e-10,0.8985086256647522,0.8985086256620318,0.8985086256674825,5.450639939397206e-12,6.066318990937389e-12,0.8985086257298007,0.8985085935292408,0.8985086578001998,6.42709589993018e-08,7.153070895343615e-08,2.2,10.0,stable_coexistence,True
30.000000000003357,29.999999987900612,30.000000012098752,2.4198140380349287e-08,8.066046793448592e-10,0.8333333333333326,0.8333333333308123,0.833333333335854,5.041744799427761e-12,6.0500937593060584e-12,0.8333333333416252,0.833333303497858,0.8333333631672407,5.966938276813494e-08,7.160325932096353e-08,2.4000000000000004,10.0,stable_coexistence,True
30.000000000021082,29.999999987932213,30.000000012069382,2.4137168708193713e-08,8.045722902725316e-10,0.7770735353107753,0.7770735353084353,0.7770735353131243,4.689026944504349e-12,6.0342126342303375e-12,0.777073535359416,0.7770735074700389,0.7770735631553397,5.568530081490053e-08,7.166027188028353e-08,2.6,10.0,stable_coexistence,True
30.000000000001794,29.99999998795657,30.00000001204316,2.408658872354863e-08,8.028862907848795e-10,0.728001718001892,0.7280017179997005,0.7280017180040838,4.3832715235225805e-12,6.020963158640744e-12,0.7280017180058106,0.7280016918952041,0.7280017441080077,5.221280352518676e-08,7.172071470949235e-08,2.8000000000000003,10.0,stable_coexistence,True
30.0000000000018,29.999999987978175,30.00000001202243,2.4044254587352043e-08,8.0147515291166e-10,0.6848125640928409,0.6848125640907836,0.6848125640948992,4.115596752285455e-12,6.00981490129537e-12,0.6848125640965373,0.684812539514596,0.6848125886723578,4.9157761861096105e-08,7.178279786072179e-08,3.0,10.0,stable_coexistence,True
29.999999999983682,29.999999987995647,30.000000012005536,2.4009889187937006e-08,8.003296395983089e-10,0.6465007138542106,0.6465007138522673,0.6465007138561483,3.88100662718216e-12,6.0030972031553626e-12,0.6465007138226356,0.6465006906300396,0.6465007370806147,4.6450575164058705e-08,7.184922486679628e-08,3.2,10.0,stable_coexistence,True
30.000000000000007,29.99999998801022,30.000000011989293,2.397907294948709e-08,7.993024316495429e-10,0.6122788548417541,0.6122788548399193,0.6122788548435895,3.6701752748058425e-12,5.994287154908231e-12,0.6122788548417851,0.6122788328268546,0.6122788768558259,4.402897135769024e-08,7.190999821314353e-08,3.4000000000000004,10.0,stable_coexistence,True
29.999999999984176,29.999999988023127,30.000000011973867,2.3950740057898656e-08,7.983580019303497e-10,0.5815213720641915,0.5815213720624489,0.5815213720659305,3.4815483829220284e-12,5.986965484274118e-12,0.5815213720365405,0.5815213511373242,0.5815213929858497,4.1848525533794145e-08,7.196386503760791e-08,3.6,10.0,stable_coexistence,True
30.000000000015515,29.999999988035515,30.00000001196488,2.3929363379693314e-08,7.976454459893381e-10,0.5537246817587279,0.5537246817570737,0.5537246817603864,3.312683460876542e-12,5.9825461461260656e-12,0.5537246817845942,0.5537246618176789,0.553724701700446,3.98827670888835e-08,7.202634883508112e-08,3.8000000000000003,10.0,stable_coexistence,True
30.00000000002487,29.999999988045623,30.000000011957173,2.3911550073307808e-08,7.97051669109573e-10,0.5284787384521313,0.5284787384505545,0.5284787384537144,3.1599167726881205e-12,5.979269444097723e-12,0.5284787384917792,0.528478719405719,0.5284787575031152,3.809739623772401e-08,7.20887965074579e-08,4.0,10.0,stable_coexistence,True
29.999999999976627,29.9999999880518,30.00000001195023,2.3898429901691998e-08,7.96614330056994e-10,0.5054461968269373,0.5054461968254244,0.505446196828444,3.0196956046779633e-12,5.974316601111791e-12,0.5054461967912162,0.5054461785929169,0.5054462150639516,3.6471034747798114e-08,7.21561166732668e-08,4.2,10.0,stable_coexistence,True
30.000000000006445,29.999999988060253,30.000000011939665,2.387941222536938e-08,7.959804075121152e-10,0.4843469249338608,0.4843469249324156,0.4843469249353074,2.8917979122411452e-12,5.970509490960554e-12,0.4843469249433022,0.4843469074495456,0.48434694241802567,3.496848005601905e-08,7.219717573315918e-08,4.4,10.0,stable_coexistence,True
30.000000000002434,29.999999988063266,30.000000011936805,2.387353958965832e-08,7.957846529885196e-10,0.46494632678234804,0.4649463267809607,0.46494632678373615,2.775446539260429e-12,5.969391259550071e-12,0.4649463267857734,0.4649463099813776,0.4649463435833734,3.360199579693912e-08,7.227069848935306e-08,4.6000000000000005,10.0,stable_coexistence,True
30.000000000007613,29.999999988067586,30.000000011931746,2.3864160425546288e-08,7.954720141846479e-10,0.44704642126303656,0.44704642126170363,0.4470464212643713,2.667643883569326e-12,5.967263703904589e-12,0.4470464212733772,0.4470464050957798,0.4470464374294016,3.233362178001187e-08,7.232721310650406e-08,4.800000000000001,10.0,stable_coexistence,True
30.000000000012733,29.99999998806906,30.000000011929757,2.3860696529709458e-08,7.953565509899512e-10,0.43047894516489676,0.4304789451636141,0.43047894516618257,2.5684454563190684e-12,5.9664833441023425e-12,0.43047894518152247,0.4304789295817904,0.4304789607464601,3.116466967822973e-08,7.239534018328342e-08,5.0,10.0,stable_coexistence,True
29.9999999999844,29.999999988072368,30.000000011928144,2.385577602126432e-08,7.95192534042531e-10,0.41509996272314365,0.41509996272190397,0.41509996272437993,2.475963878367793e-12,5.964741268871674e-12,0.415099962703484,0.4150999476856406,0.415099977761318,3.007567739299333e-08,7.245405949218228e-08,5.2,10.0,stable_coexistence,True
30.000000000009198,29.999999988073956,30.000000011927415,2.385345965194574e-08,7.951153217312545e-10,0.4007856103711966,0.40078561037000265,0.4007856103723921,2.389421993598262e-12,5.961845764320938e-12,0.40078561038242644,0.40078559584034457,0.40078562490377684,2.9063432271936307e-08,7.251615706494976e-08,5.4,10.0,stable_coexistence,True
29.99999999997696,29.99999998807163,30.000000011924232,2.385260344794915e-08,7.950867815988892e-10,0.3874287066230825,0.387428706621925,0.3874287066242356,2.3105961588498758e-12,5.963926057476738e-12,0.387428706595917,0.3874286925612635,0.3874287206800605,2.8118797013032548e-08,7.257799056766205e-08,5.6000000000000005,10.0,stable_coexistence,True
30.000000000011404,29.99999998807273,30.000000011928588,2.385585773367893e-08,7.95195257788969e-10,0.3749360281732663,0.37493602817214955,0.37493602817438554,2.2359891715950653e-12,5.963655140006447e-12,0.37493602818629684,0.3749360145547416,0.37493604179333156,2.723858993913808e-08,7.264863307703047e-08,5.800000000000001,10.0,stable_coexistence,True
30.000000000007798,29.99999998807328,30.00000001192847,2.3855189823507317e-08,7.951729941166774e-10,0.36322610400472327,0.36322610400364075,0.3632261040058067,2.165934098741218e-12,5.963046363834825e-12,0.36322610401336536,0.36322609080174345,0.36322611720965037,2.6407906916769974e-08,7.27037694287676e-08,6.0,10.0,stable_coexistence,True
29.9999999999731,29.9999999880716,30.000000011926723,2.385512232194742e-08,7.951707440656005e-10,0.35222741588415685,0.35222741588310436,0.35222741588520495,2.1005974737420274e-12,5.963753470078899e-12,0.3522274158552549,0.35222740306968364,0.3522274286968277,2.5627144073503416e-08,7.275738037371269e-08,6.2,10.0,stable_coexistence,True
29.99999999998004,29.999999988072453,30.000000011928627,2.3856173925196344e-08,7.952057975070474e-10,0.34187692033828854,0.3418769203372674,0.3418769203393062,2.0388135624216375e-12,5.963589353730752e-12,0.34187692031746075,0.34187690789255004,0.34187693278516523,2.4892615191340894e-08,7.281162813843429e-08,6.4,10.0,stable_coexistence,True
30.000000000025175,29.99999998806835,30.000000011931235,2.38628850013356e-08,7.95429500043826e-10,0.3321188269246415,0.3321188269236531,0.3321188269256343,1.981248498594823e-12,5.965480839899532e-12,0.33211882695017253,0.33211881482198324,0.3321188390268888,2.420490557986099e-08,7.288025735264792e-08,6.6000000000000005,10.0,stable_coexistence,True
30.00000000000251,29.999999988064957,30.000000011934123,2.3869166199119718e-08,7.956388733038975e-10,0.32290358231520105,0.3229035823142378,0.32290358231616456,1.926736548085728e-12,5.9669097947602975e-12,0.3229035823176803,0.3229035705376149,0.32290359409185454,2.355423961430958e-08,7.294511706922907e-08,6.800000000000001,10.0,stable_coexistence,True
29.999999999993616,29.999999988064978,30.00000001193518,2.3870203591513928e-08,7.956734530506071e-10,0.31418702078144606,0.31418702078050825,0.3141870207823832,1.8749446439869644e-12,5.967606934613766e-12,0.31418702077529753,0.3141870093149968,0.3141870322480121,2.2933015264570145e-08,7.299160610742908e-08,7.0,10.0,stable_coexistence,True
30.000000000007045,29.99999998805845,30.000000011940827,2.3882378741291177e-08,7.960792913761591e-10,0.3059296500775397,0.3059296500766269,0.3059296500784537,1.8267609647182326e-12,5.971179858667697e-12,0.30592965008412465,0.3059296389000497,0.305929661254344,2.23542943045274e-08,7.307004828824973e-08,7.2,10.0,stable_coexistence,True
30.000000000008587,29.999999988055762,30.00000001194157,2.388580710999122e-08,7.961935703327862e-10,0.29809604815816565,0.2980960481572765,0.2980960481590563,1.7797985307765884e-12,5.970553926385101e-12,0.2980960481660182,0.2980960372585849,0.29809605905536357,2.1796778659766147e-08,7.311998529934815e-08,7.4,10.0,stable_coexistence,True
29.99999999999909,29.999999988053204,30.000000011943502,2.3890297740081223e-08,7.963432580027051e-10,0.2906543511387461,0.2906543511378779,0.29065435113961424,1.7363332993625136e-12,5.9738768490951914e-12,0.29065435113793714,0.29065434050355965,0.2906543617710152,2.1267455574403016e-08,7.317095199526827e-08,7.6000000000000005,10.0,stable_coexistence,True
29.999999999990095,29.999999988050153,30.00000001195313,2.3902977375200862e-08,7.96765912506932e-10,0.28357581677159927,0.283575816770751,0.28357581677244587,1.694866469392764e-12,5.976766596962269e-12,0.2835758167630056,0.2835758063877438,0.28357582715833735,2.0770593522900782e-08,7.324529207011423e-08,7.800000000000001,10.0,stable_coexistence,True
29.99999999997957,29.999999988047975,30.000000011956416,2.3908441448838857e-08,7.969480482951448e-10,0.27683445073889895,0.27683445073806995,0.2768344507397247,1.6547319070525646e-12,5.9773337553542986e-12,0.2768344507215593,0.2768344405953056,0.27683446088621916,2.0290913560483403e-08,7.329620105995678e-08,8.0,10.0,stable_coexistence,True
29.999999999978506,29.99999998804005,30.000000011960882,2.3920833314150514e-08,7.973611104722285e-10,0.27040668544969315,0.2704066854488832,0.27040668545050023,1.6170398353665405e-12,5.980029053909604e-12,0.2704066854318806,0.2704066755306746,0.2704066953695145,1.9838839904195993e-08,7.336667683506783e-08,8.200000000000001,10.0,stable_coexistence,True
29.999999999978513,29.999999988034457,30.000000011964374,2.3929917603027206e-08,7.976639201014516e-10,0.2642711029211141,0.26427110292032235,0.2642711029219031,1.5807355424612979e-12,5.981492206233278e-12,0.26427110290368644,0.26427109321849707,0.26427111262280173,1.940430466307319e-08,7.342575275841514e-08,8.4,10.0,stable_coexistence,True
29.999999999974747,29.999999988033043,30.000000011969274,2.3936230775234435e-08,7.978743591751262e-10,0.25840819483428257,0.25840819483350774,0.258408194835054,1.5462631175466868e-12,5.983800624172632e-12,0.25840819481424543,0.2584081853419392,0.2584082043284621,1.8986522909436587e-08,7.347492568109699e-08,8.6,10.0,stable_coexistence,True
29.999999999974797,29.999999988023355,30.000000011974755,2.3951400862642913e-08,7.983800287554079e-10,0.25280015406733153,0.252800154066573,0.2528001540680867,1.5136780717739384e-12,5.987646951215043e-12,0.2528001540477655,0.2528001447698574,0.25280016336333305,1.8593475648032154e-08,7.355009619355472e-08,8.8,10.0,stable_coexistence,True
29.99999999997487,29.999999988018565,30.000000011980283,2.396171794316615e-08,7.987239314395141e-10,0.24743069298566187,0.24743069298491943,0.24743069298640163,1.4822032490258152e-12,5.990377471503568e-12,0.24743069296656725,0.24743068387864453,0.24743070209183415,1.821318962313967e-08,7.36092576256375e-08,9.0,10.0,stable_coexistence,True
29.999999999975266,29.999999988015126,30.00000001198564,2.397051446223486e-08,7.990171487417942e-10,0.24228488456223732,0.24228488456151,0.24228488456296177,1.4517553825754703e-12,5.991935424252834e-12,0.24228488454382133,0.24228487563882206,0.24228489348623122,1.7847409161664274e-08,7.366290800680388e-08,9.200000000000001,10.0,stable_coexistence,True
29.999999999973486,29.99999998800827,30.000000011992014,2.3983744767974713e-08,7.994581589331704e-10,0.23734902304661534,0.23734902304590222,0.23734902304732505,1.422834072783985e-12,5.99469108620913e-12,0.2373490230272648,0.2373490142969985,0.23734903179644132,1.7499442811486077e-08,7.3728733273118e-08,9.4,10.0,stable_coexistence,True
29.999999999973927,29.999999988002724,30.00000001199734,2.3994616071831842e-08,7.998205357283966e-10,0.23261050143006654,0.23261050142936718,0.23261050143076265,1.3954670752269749e-12,5.99915767620886e-12,0.23261050141140774,0.232610492848316,0.23261051001183342,1.7163517412877027e-08,7.378651139419926e-08,9.600000000000001,10.0,stable_coexistence,True
29.99999999997353,29.999999987997494,30.000000012004428,2.4006933330156244e-08,8.002311110058876e-10,0.22805770338879722,0.22805770338811124,0.22805770338948006,1.3688217226359711e-12,6.002085008706656e-12,0.22805770337023287,0.22805769496868028,0.2280577118102787,1.6841598421413195e-08,7.384796993240961e-08,9.8,10.0,stable_coexistence,True
30.00000000001709,29.999999987990257,30.000000012011064,2.402080667707196e-08,8.006935559019159e-10,0.22367990774614085,0.22367990774546978,0.22367990774681332,1.3435363932501332e-12,6.006513534371335e-12,0.22367990775790542,0.22367989948014055,0.22367991601305143,1.6532910873667817e-08,7.391325863513813e-08,10.0,10.0,stable_coexistence,True
29.999999999974776,29.99999998798271,30.00000001201672,2.4034008561102382e-08,8.011336187040596e-10,0.21946720379211335,0.21946720379145265,0.2194672037927714,1.3187506642253766e-12,6.008873496508992e-12,0.2194672037750954,0.2194671956743366,0.21946721190955756,1.623522097315977e-08,7.39756131842061e-08,10.200000000000001,10.0,stable_coexistence,True
29.999999999977653,29.999999987977844,30.00000001202488,2.4047036362162544e-08,8.015678787393219e-10,0.2154104160462224,0.21541041604557348,0.2154104160468686,1.2951306693764764e-12,6.01238646274448e-12,0.21541041603141725,0.21541040807300793,0.215410424021299,1.5948291076650634e-08,7.403676837173261e-08,10.4,10.0,stable_coexistence,True
29.999999999981004,29.999999987972508,30.00000001203009,2.4057580816361224e-08,8.019193605458552e-10,0.21150103725637973,0.21150103725574265,0.21150103725701488,1.2722323194935825e-12,6.015253333936979e-12,0.21150103724405028,0.21150102942225016,0.2115010450922902,1.5670040043325173e-08,7.408966049263145e-08,10.600000000000001,10.0,stable_coexistence,True
29.99999999997999,29.99999998796388,30.000000012034935,2.4071056259344914e-08,8.023685419786723e-10,0.20773116859993684,0.2077311685993109,0.2077311686005608,1.2498890811230012e-12,6.0168586618029754e-12,0.20773116858713542,0.207731160897831,0.20773117630128535,1.5403454345364054e-08,7.41509059524148e-08,10.8,10.0,stable_coexistence,True
29.999999999978154,29.999999987957043,30.000000012043813,2.408676991194625e-08,8.028923303987662e-10,0.2040934661988551,0.20409346619823926,0.20409346619946847,1.2292111772893577e-12,6.022785541236647e-12,0.204093466185118,0.20409345862540748,0.20409347377284362,1.5147436138729375e-08,7.421813359236127e-08,11.0,10.0,stable_coexistence,True
29.999999999979373,29.99999998795012,30.00000001205146,2.410133959074301e-08,8.033779863586259e-10,0.20058109318399714,0.20058109318339185,0.20058109318460038,1.2085332734557142e-12,6.025160468843774e-12,0.20058109317124584,0.2005810857347624,0.20058110063425458,1.4899492167819162e-08,7.42816380755511e-08,11.200000000000001,10.0,stable_coexistence,True
29.999999999977707,29.9999999879438,30.00000001205588,2.4112082996907702e-08,8.03736099897494e-10,0.19718767664777082,0.19718767664717535,0.19718767664836398,1.1886325257393082e-12,6.02792499987964e-12,0.19718767663420045,0.19718766931893297,0.19718768397636732,1.465743434958533e-08,7.433240555241065e-08,11.4,10.0,stable_coexistence,True
29.999999999982027,29.999999987938246,30.00000001206382,2.4125572650746108e-08,8.041857550253253e-10,0.19390726891282054,0.19390726891223492,0.19390726891340432,1.1693979118376774e-12,6.030706937331991e-12,0.19390726890206597,0.19390726170091754,0.1939072761259325,1.4425014960295357e-08,7.439130591595515e-08,11.600000000000001,10.0,stable_coexistence,True
29.999999999984148,29.999999987928057,30.000000012071386,2.4143329113712753e-08,8.047776371241569e-10,0.1907343126198373,0.19073431261926108,0.1907343126204122,1.1511347430825936e-12,6.035278745943034e-12,0.19073431261051096,0.19073430551838585,0.19073431972097107,1.4202585219003083e-08,7.446266497382153e-08,11.8,10.0,stable_coexistence,True
29.999999999985654,29.99999998792067,30.00000001207808,2.415740851802184e-08,8.052469506010862e-10,0.18766360920193106,0.18766360920136374,0.18766360920249706,1.1333156635373598e-12,6.039080609985725e-12,0.18766360919362554,0.18766360220901307,0.1876636161941284,1.3985115343562171e-08,7.452225502632338e-08,12.0,10.0,stable_coexistence,True
30.000000000001762,29.99999998791693,30.000000012080896,2.4163966827472905e-08,8.054655609156893e-10,0.18469029036814594,0.18469029036758824,0.18469029036870388,1.1156353618702042e-12,6.040573977334438e-12,0.18469029036915108,0.18469028348243388,0.18469029725262,1.3770186130246387e-08,7.455825697522359e-08,12.200000000000001,10.0,stable_coexistence,True
29.999999999991324,29.99999998790854,30.000000012090904,2.4182362778901734e-08,8.060787592969307e-10,0.18180979226604918,0.1818097922654992,0.18180979226659844,1.0992318166813675e-12,6.046053971981739e-12,0.1818097922611829,0.1818097854816551,0.18180979905014957,1.3568494466875691e-08,7.46301631944496e-08,12.4,10.0,stable_coexistence,True
29.999999999990564,29.999999987899127,30.000000012101186,2.4202059023537004e-08,8.067353007847937e-10,0.17901783203407504,0.17901783203353291,0.17901783203461638,1.0834666497316903e-12,6.052283381017631e-12,0.17901783202886024,0.17901782534733565,0.1790178387209901,1.3373654461634743e-08,7.470571121319362e-08,12.600000000000001,10.0,stable_coexistence,True
29.99999999999246,29.999999987892988,30.000000012107296,2.4214308780301508e-08,8.071436260102263e-10,0.17631038648952313,0.17631038648898903,0.17631038649005648,1.0674516826014724e-12,6.054389102362095e-12,0.1763103864854162,0.17631037989930112,0.17631039307989047,1.3180589342187687e-08,7.475787220966239e-08,12.8,10.0,stable_coexistence,True
29.99999999999373,29.999999987886426,30.000000012113066,2.4226640249480624e-08,8.075546749828294e-10,0.17368367272850763,0.1736836727279813,0.17368367272903346,1.0521583604372609e-12,6.057900226902022e-12,0.1736836727251399,0.17368366623174056,0.17368367922501934,1.299327878623302e-08,7.48100185946695e-08,13.0,10.0,stable_coexistence,True
29.99999999999523,29.9999999878785,30.00000001212298,2.424448197757556e-08,8.081493992526204e-10,0.17113413044058187,0.17113413044006298,0.1711341304411002,1.0372258607560525e-12,6.060894212508466e-12,0.17113413043805797,0.17113412403382555,0.17113413684811699,1.281429143351609e-08,7.487864285540251e-08,13.200000000000001,10.0,stable_coexistence,True
29.999999999996994,29.99999998786899,30.000000012129934,2.4260945252763122e-08,8.086981750921582e-10,0.1686584057636885,0.16865840576317692,0.16865840576419985,1.0229317393140036e-12,6.065109738682065e-12,0.1686584057621245,0.16865839944354988,0.16865841208326754,1.2639717661411254e-08,7.494270803889457e-08,13.4,10.0,stable_coexistence,True
30.000000000002807,29.9999999878613,30.000000012138234,2.4276932464317724e-08,8.092310821438215e-10,0.1662533365250701,0.16625333652456575,0.1662533365255746,1.0088596624768797e-12,6.0682070120059275e-12,0.1662533365265158,0.16625333029004458,0.16625334275986384,1.246981926050772e-08,7.500492634290018e-08,13.600000000000001,10.0,stable_coexistence,True
30.000000000003972,29.999999987853446,30.00000001214587,2.4292422295957294e-08,8.09747409865109e-10,0.16391593873121632,0.16391593873071877,0.16391593873171414,9.95370452727684e-13,6.072444573884823e-12,0.16391593873322946,0.16391593257883993,0.1639159448832421,1.2304402163820782e-08,7.506531859461777e-08,13.8,10.0,stable_coexistence,True
30.000000000006235,29.99999998785027,30.000000012152952,2.430268253306167e-08,8.10089417768527e-10,0.16164339418517126,0.16164339418468046,0.1616433941856625,9.820477764321822e-13,6.075396903019234e-12,0.16164339418829426,0.16164338811553186,0.1616434002564399,1.2140908028923647e-08,7.510921241053564e-08,14.0,10.0,stable_coexistence,True
30.00000000000799,29.999999987837853,30.00000001216163,2.4323778546886388e-08,8.107926182293033e-10,0.1594330391228993,0.15943303912241497,0.15943303912338416,9.69196944922146e-13,6.0790219533415496e-12,0.15943303912683607,0.15943303312917614,0.15943304511636341,1.1987187270579014e-08,7.518634365971965e-08,14.200000000000001,10.0,stable_coexistence,True
30.000000000010093,29.99999998782825,30.00000001216989,2.4341641591263397e-08,8.113880530418132e-10,0.15728235377214003,0.15728235377166191,0.1572823537726191,9.571787806805787e-13,6.085735352493443e-12,0.1572823537770549,0.15728234785371925,0.15728235968968265,1.1835963403816763e-08,7.525296461749796e-08,14.4,10.0,stable_coexistence,True
30.00000000000808,29.99999998782549,30.00000001217571,2.43502213947977e-08,8.11674046493011e-10,0.15518895274750144,0.15518895274702932,0.15518895274797406,9.44744282804777e-13,6.087703190676372e-12,0.15518895275137426,0.15518894690563326,0.15518895858993512,1.1684301859382629e-08,7.529080937885166e-08,14.600000000000001,10.0,stable_coexistence,True
30.000000000008786,29.999999987812743,30.000000012186486,2.4373743912065038e-08,8.124581304019029e-10,0.15315057620465244,0.15315057620418626,0.15315057620511932,9.330591854705972e-13,6.092430133711505e-12,0.15315057620881498,0.15315057043264377,0.15315058197629786,1.154365408817526e-08,7.537453905730365e-08,14.8,10.0,stable_coexistence,True
30.000000000010356,29.999999987805218,30.00000001219335,2.438813240246418e-08,8.129377467484983e-10,0.15116508168449141,0.1511650816840312,0.1511650816849526,9.21401843712033e-13,6.0953352020082804e-12,0.1511650816893347,0.15116507598299295,0.1511650873853333,1.1402340349686568e-08,7.542972373106995e-08,15.0,10.0,stable_coexistence,True
30.000000000011187,29.99999998780114,30.000000012199987,2.4398847386919442e-08,8.132949128969844e-10,0.14923043658528476,0.14923043658483004,0.14923043658574034,9.102996134657815e-13,6.0999594606120975e-12,0.1492304365904549,0.1492304309541048,0.14923044221700812,1.1262903332198704e-08,7.547323179810109e-08,15.200000000000001,10.0,stable_coexistence,True
30.000000000012726,29.99999998778885,30.000000012212283,2.4423432165576742e-08,8.141144055188523e-10,0.1473447112070501,0.14734471120660084,0.14734471120750028,8.994471834000706e-13,6.1043737235336195e-12,0.1473447112128515,0.1473447056406601,0.14734471677396274,1.1133302640908838e-08,7.555956741976514e-08,15.4,10.0,stable_coexistence,True
30.0000000000138,29.999999987783898,30.00000001221548,2.443158209075591e-08,8.14386069691462e-10,0.1455060723180483,0.14550607231760446,0.1455060723184932,8.887335312124378e-13,6.1078793279756e-12,0.14550607232425766,0.1455060668181651,0.14550607781764283,1.0999477717543726e-08,7.559463011932584e-08,15.600000000000001,10.0,stable_coexistence,True
30.000000000014975,29.999999987774135,30.000000012227687,2.4453552072145612e-08,8.151184024044197e-10,0.14371277719820577,0.14371277719776704,0.14371277719864547,8.784362126590395e-13,6.112443373364119e-12,0.1437127772048611,0.14371277176106326,0.1437127826361519,1.0875088635176056e-08,7.567238520203431e-08,15.8,10.0,stable_coexistence,True
30.00000000001639,29.99999998776653,30.000000012233265,2.446673619260764e-08,8.155578730864487e-10,0.1419631681187036,0.14196316811826998,0.14196316811913834,8.683609387105662e-13,6.116804451548747e-12,0.1419631681259019,0.1419631627437471,0.14196317349358187,1.0749834772338929e-08,7.572270268531605e-08,16.0,10.0,stable_coexistence,True
30.000000000019767,29.999999987759956,30.000000012242424,2.448246760877737e-08,8.160822536253475e-10,0.14025566722090677,0.14025566722047825,0.1402556672213369,8.586464872450961e-13,6.122009215403616e-12,0.140255667229482,0.14025566190707348,0.14025567253575966,1.0628686181179958e-08,7.578079653433076e-08,16.2,10.0,stable_coexistence,True
30.000000000023256,29.999999987748826,30.000000012249394,2.4500568684970858e-08,8.166856228317017e-10,0.13858877176131928,0.13858877176089562,0.1385887717617446,8.489875469308572e-13,6.125947550692467e-12,0.13858877177129708,0.1385887665052566,0.13858877701661088,1.0511354286979468e-08,7.584564140773065e-08,16.400000000000002,10.0,stable_coexistence,True
30.000000000026297,29.99999998774263,30.000000012259015,2.4516385366268878e-08,8.172128455415524e-10,0.13696104969238834,0.13696104969196948,0.13696104969280892,8.394396289190809e-13,6.129039101250433e-12,0.1369610497035502,0.1369610444948328,0.13696105489066374,1.0395830946086093e-08,7.590355775245433e-08,16.6,10.0,stable_coexistence,True
30.000000000025857,29.999999987731343,30.000000012269894,2.4538550746910914e-08,8.179516915629649e-10,0.13537113555179592,0.13537113555138156,0.135371135552212,8.304468224196171e-13,6.134593013705906e-12,0.13537113556262836,0.13537113040924176,0.13537114069487796,1.0285636203866133e-08,7.598101442409475e-08,16.8,10.0,stable_coexistence,True
30.000000000026503,29.999999987723832,30.000000012274636,2.4550804056389097e-08,8.183601352122197e-10,0.1338177266353944,0.13381772663498465,0.13381772663580588,8.212319713152283e-13,6.136944573469371e-12,0.13381772664638106,0.13381772154817465,0.13381773172197786,1.0173803216551036e-08,7.602732068046342e-08,17.0,10.0,stable_coexistence,True
30.000000000012477,29.999999987714386,30.00000001228591,2.4571523482563862e-08,8.190507827517608e-10,0.13229957943119983,0.13229957943079387,0.13229957943160656,8.126832540256146e-13,6.142750094244208e-12,0.13229957943631349,0.1322995743972799,0.13229958446523873,1.0067958827741919e-08,7.609970394888778e-08,17.2,10.0,stable_coexistence,True
30.00000000002253,29.99999998770659,30.00000001229204,2.458545012018476e-08,8.195150040055159e-10,0.13081550629389607,0.1308155062934947,0.130815506294299,8.043010701896947e-13,6.1483618645068485e-12,0.13081550630302255,0.13081550131275754,0.13081551127447189,9.961714342310302e-09,7.615086791896612e-08,17.400000000000002,10.0,stable_coexistence,True
30.000000000021632,29.999999987698356,30.000000012303325,2.460496872913609e-08,8.201656243039176e-10,0.1293643723411318,0.12936437234073464,0.12936437234153042,7.957801084756966e-13,6.151462679160887e-12,0.12936437234980688,0.12936436741144647,0.12936437727152528,9.860078808987538e-09,7.62194306655718e-08,17.6,10.0,stable_coexistence,True
30.000000000019806,29.999999987689545,30.000000012311457,2.462191162067029e-08,8.207303873551072e-10,0.1279450925545244,0.12794509255413117,0.12794509255491887,7.877032359715486e-13,6.1565724815096635e-12,0.12794509256237963,0.12794508767491483,0.12794509743452545,9.759610619664016e-09,7.627967922903677e-08,17.8,10.0,stable_coexistence,True
30.000000000013056,29.99999998767891,30.000000012320047,2.4641138907099958e-08,8.213712969029471e-10,0.12655662906979973,0.12655662906941023,0.12655662907018994,7.797096301942474e-13,6.160954474838718e-12,0.12655662907492582,0.12655662423850764,0.12655663390069896,9.66219132481072e-09,7.634678163728608e-08,18.0,10.0,stable_coexistence,True
30.000000000019387,29.999999987672023,30.000000012326907,2.4654884356323237e-08,8.218294785435495e-10,0.12519798864180914,0.12519798864142392,0.12519798864219558,7.716605132657151e-13,6.1635216478378784e-12,0.12519798864933496,0.12519798385923428,0.12519799342398094,9.564746661361312e-09,7.639696743111953e-08,18.2,10.0,stable_coexistence,True
30.000000000019288,29.999999987663443,30.000000012335924,2.4672480947174336e-08,8.224160315719218e-10,0.12386822027140251,0.12386822027102092,0.12386822027178505,7.641387522738796e-13,6.16896529709911e-12,0.12386822027880716,0.12386821553587268,0.12386822500669006,9.4708173803415e-09,7.645881533574775e-08,18.400000000000002,10.0,stable_coexistence,True
30.000000000018012,29.99999998765655,30.000000012345573,2.468902238206283e-08,8.229674127349062e-10,0.12256641298221513,0.12256641298183744,0.12256641298259394,7.564920911917739e-13,6.172099458400334e-12,0.12256641298905331,0.12256640829338658,0.1225664176718382,9.378451612529481e-09,7.651730505722293e-08,18.6,10.0,stable_coexistence,True
30.000000000014975,29.999999987646504,30.00000001235511,2.470860493986038e-08,8.236201646615742e-10,0.12129169373643796,0.12129169373606366,0.12129169373681305,7.493866638341729e-13,6.1783840322683755e-12,0.12129169374206535,0.12129168909217482,0.12129169838129093,9.28911611519645e-09,7.65849319811938e-08,18.8,10.0,stable_coexistence,True
30.000000000011994,29.99999998763735,30.00000001236102,2.4723671998572172e-08,8.241223999520488e-10,0.1200432254795323,0.12004322547916176,0.12004322547990363,7.418787806301452e-13,6.180097024720962e-12,0.12004322548400033,0.1200432208792574,0.12004323007920611,9.199948719507134e-09,7.663863314516393e-08,19.0,10.0,stable_coexistence,True
30.000000000009113,29.999999987628655,30.0000000123705,2.4741844129039237e-08,8.247281376343632e-10,0.11882020530467567,0.11882020530430845,0.11882020530504353,7.350786646043161e-13,6.1864786608747235e-12,0.11882020530803604,0.11882020074767191,0.11882020986137184,9.113699933616104e-09,7.670160062350123e-08,19.200000000000003,10.0,stable_coexistence,True
30.000000000006818,29.999999987619294,30.000000012380482,2.4761188655020305e-08,8.253729551671285e-10,0.117621862728469,0.11762186272810492,0.11762186272883333,7.284173264565652e-13,6.192873582795823e-12,0.1176218627309578,0.11762185821361999,0.11762186724323731,9.029617317746208e-09,7.676818839643206e-08,19.400000000000002,10.0,stable_coexistence,True
30.000000000004665,29.999999987609716,30.000000012387375,2.4777659035635224e-08,8.259219678543516e-10,0.11644745807011206,0.11644745806975171,0.11644745807047281,7.21103732281847e-13,6.192524458897882e-12,0.11644745807180416,0.11644745359650806,0.11644746254269403,8.946185972580345e-09,7.68259446847444e-08,19.6,10.0,stable_coexistence,True
30.000000000002256,29.99999998760261,30.000000012397877,2.479526628462736e-08,8.265088761541556e-10,0.1152962809268744,0.11529628092651707,0.11529628092723165,7.145811720121742e-13,6.1977816306077805e-12,0.11529628092767889,0.11529627649456628,0.1152962853593454,8.864779119099886e-09,7.688694767686e-08,19.8,10.0,stable_coexistence,True
30.000000000000206,29.999999987592304,30.000000012406534,2.4814230670244797e-08,8.2714102234146e-10,0.11416764873925175,0.11416764873889765,0.11416764873960597,7.083222897108499e-13,6.20422946015458e-12,0.11416764873932674,0.11416764434634165,0.11416765313175585,8.785414201684105e-09,7.695187120535738e-08,20.0,10.0,stable_coexistence,True
