x_mean,x_min,x_max,x_amp,relative_amp_x,y_mean,y_min,y_max,y_amp,relative_amp_y,z_mean,z_min,z_max,z_amp,relative_amp_z,k_fear,alpha_mem,class
58.727265796366794,1.1952459975812342,96.35308835229588,95.15784235471465,1.620334968167376,9.56287654644326,1.2302267020824738,26.62344388456439,25.39321718248192,2.6553952734989363,9.569358090287485,1.2303870401056272,26.621541320461183,25.391154280355558,2.653381140175317,0.0,10.0,oscillatory_coexistence
30.000000000016705,29.99999998638943,30.00000001356726,2.7177829764468697e-08,9.059276588150886e-10,5.000000000003121,4.9999999999459925,5.000000000114664,1.6867129914999168e-10,3.373425982997053e-11,5.0000000001039835,4.999999822797727,5.000000177228956,3.544312292547147e-07,7.088624584945457e-08,0.2,10.0,stable_coexistence
29.999999999986805,29.999999986812508,30.0000000131856,2.637309037822888e-08,8.791030126079868e-10,3.291561975888511,3.291561975877641,3.2915619758993504,2.170930102352031e-11,6.595440457308599e-12,3.2915619757718164,3.291561859101942,3.291562092658479,2.335565367772574e-07,7.095614133846632e-08,0.4,10.0,stable_coexistence
30.000000000019913,29.999999987069394,30.000000012929767,2.586037339824543e-08,8.620124466075801e-10,2.4999999999999876,2.499999999991918,2.5000000000080838,1.616573541696198e-11,6.466294166782237e-12,2.5000000001367386,2.4999999112029987,2.500000088791385,1.7758838621872997e-07,7.103535448357826e-08,0.6000000000000001,10.0,stable_coexistence
29.999999999987676,29.999999987270975,30.000000012730816,2.545984045809746e-08,8.486613486035691e-10,2.0293442287247547,2.0293442287182906,2.0293442287312056,1.2915002400859521e-11,6.364126015707536e-12,2.0293442286548586,2.0293441565813515,2.0293443008784364,1.4429708494745341e-07,7.110527770984864e-08,0.8,10.0,stable_coexistence
29.99999999999203,29.999999987425028,30.00000001257409,2.5149063276330708e-08,8.383021092112183e-10,1.7134302209382846,1.7134302209328949,1.7134302209436671,1.0772271963332969e-11,6.2869627439089534e-12,1.7134302208996322,1.7134301599744264,1.7134302818976241,1.2192319776005434e-07,7.115737558076203e-08,1.0,10.0,stable_coexistence
30.000000000015092,29.999999987544868,30.00000001245635,2.4911482654488282e-08,8.30382755149164e-10,1.4852749859377172,1.4852749859330974,1.4852749859423486,9.251266419596504e-12,6.228655640995366e-12,1.4852749860017953,1.485274933049586,1.4852750388311518,1.0578156572904618e-07,7.1220189342667e-08,1.2000000000000002,10.0,stable_coexistence
29.999999999984734,29.999999987636755,30.00000001236409,2.4727334846375015e-08,8.242444948795592e-10,1.3121396091048323,1.3121396091007702,1.312139609108882,8.111733507121244e-12,6.182065879902099e-12,1.31213960904705,1.3121395623334156,1.312139655879347,9.354593144550449e-08,7.129266642089368e-08,1.4000000000000001,10.0,stable_coexistence
29.99999999997411,29.99999998771284,30.000000012286346,2.4573505896796632e-08,8.19116863227234e-10,1.1759545669500733,1.1759545669464537,1.1759545669536773,7.2235550874211185e-12,6.142716130734378e-12,1.1759545668616738,1.175954524998843,1.1759546088984874,8.389964434307728e-08,7.134599133954037e-08,1.6,10.0,stable_coexistence
30.000000000006505,29.999999987774654,30.00000001222535,2.4450695690347857e-08,8.150231896780581e-10,1.0658668946922893,1.0658668946890335,1.0658668946955492,6.515676886920119e-12,6.113030547585447e-12,1.065866894712514,1.065866856636572,1.0658669327480477,7.611147556652043e-08,7.140804911384158e-08,1.8,10.0,stable_coexistence
30.00000000000322,29.999999987824143,30.000000012175537,2.4351393790311704e-08,8.117131263436094e-10,0.9749371855330989,0.9749371855301321,0.9749371855360675,5.935363311948549e-12,6.087944331200153e-12,0.9749371855423227,0.9749371506905745,0.9749372203747366,6.968416210728634e-08,7.147554031232491e-08,2.0,10.0,stable_coexistence
29.99999999997616,29.999999987866648,30.00000001213416,2.4267510667641545e-08,8.08917022255334e-10,0.8985086256647629,0.8985086256620329,0.8985086256674838,5.450861984002131e-12,6.066566116672766e-12,0.8985086256015973,0.8985085935270829,0.8985086578046828,6.42775999093459e-08,7.153810000013883e-08,2.2,10.0,stable_coexistence
29.999999999996678,29.99999998790216,30.000000012098273,2.419611178083869e-08,8.065370593613522e-10,0.8333333333333337,0.8333333333308122,0.8333333333358529,5.040745598705598e-12,6.0488947184394565e-12,0.8333333333251284,0.8333333035016258,0.8333333631660185,5.966439264870615e-08,7.159727117906641e-08,2.4000000000000004,10.0,stable_coexistence
30.000000000019803,29.999999987929385,30.000000012069584,2.414019917296173e-08,8.04673305764833e-10,0.7770735353107757,0.7770735353084349,0.7770735353131235,4.6885828552944986e-12,6.033641144931485e-12,0.7770735353564778,0.7770735074634083,0.7770735631557109,5.569230254742763e-08,7.166928226658427e-08,2.6,10.0,stable_coexistence
29.999999999996678,29.999999987955917,30.000000012043238,2.4087320582566463e-08,8.02910686085611e-10,0.728001718001893,0.7280017179997003,0.728001718004084,4.383715612732431e-12,6.021573169852067e-12,0.7280017179947361,0.7280016918938509,0.7280017441081921,5.221434118407586e-08,7.172282687440262e-08,2.8000000000000003,10.0,stable_coexistence
30.000000000004775,29.99999998797699,30.000000012022465,2.404547316814387e-08,8.015157722713081e-10,0.6848125640928403,0.684812564090782,0.6848125640948994,4.117484131427318e-12,6.012570953448653e-12,0.6848125641026069,0.6848125395122181,0.6848125886723286,4.91601105379047e-08,7.17862275238092e-08,3.0,10.0,stable_coexistence
30.000000000025572,29.999999987996752,30.000000012004463,2.40077113744519e-08,8.002570458143546e-10,0.6465007138542037,0.6465007138522681,0.6465007138561476,3.8794523149476845e-12,6.0006930105518225e-12,0.646500713903673,0.6465006906321809,0.6465007370785669,4.644638607054219e-08,7.184274521526784e-08,3.2,10.0,stable_coexistence
30.000000000003542,29.999999988010796,30.000000011990057,2.3979261243312067e-08,7.993087081102812e-10,0.6122788548417536,0.6122788548399192,0.6122788548435895,3.670286297108305e-12,5.994468481278704e-12,0.6122788548482783,0.6122788328279445,0.6122788768572163,4.40292717840407e-08,7.19104888815394e-08,3.4000000000000004,10.0,stable_coexistence
29.99999999997488,29.99999998802679,30.000000011974485,2.3947695382275924e-08,7.982565127431727e-10,0.5815213720641933,0.5815213720624491,0.5815213720659299,3.4807712268047908e-12,5.985629065434534e-12,0.5815213720203235,0.5815213511437175,0.5815213929869392,4.1843221665338604e-08,7.195474436286802e-08,3.6,10.0,stable_coexistence
29.99999999998466,29.999999988035544,30.000000011967515,2.3931971071533553e-08,7.977323690514998e-10,0.5537246817587322,0.5537246817570731,0.5537246817603866,3.3134606169937797e-12,5.983949652494505e-12,0.5537246817331825,0.5537246618177515,0.5537247017048141,3.9887062652788075e-08,7.203410642246936e-08,3.8000000000000003,10.0,stable_coexistence
30.000000000026038,29.999999988045346,30.000000011955645,2.391029951809287e-08,7.970099839357107e-10,0.5284787384521313,0.528478738450555,0.5284787384537143,3.1592506388733455e-12,5.978008969898279e-12,0.5284787384936644,0.528478719405224,0.5284787575007031,3.809547910460509e-08,7.208516886245501e-08,4.0,10.0,stable_coexistence
30.000000000004295,29.99999998805217,30.000000011948458,2.389628761534368e-08,7.965429205113155e-10,0.5054461968269346,0.5054461968254256,0.5054461968284447,3.0191404931656507e-12,5.973218340771164e-12,0.5054461968335161,0.5054461785935518,0.505446215061317,3.6467765252012896e-08,7.214964813347384e-08,4.2,10.0,stable_coexistence
30.00000000000152,29.999999988058132,30.0000000119427,2.3884567212917318e-08,7.961522404305104e-10,0.48434692493386144,0.4843469249324154,0.4843469249353079,2.8925195572071516e-12,5.971999424991e-12,0.48434692493609244,0.484346907446482,0.48434694242249177,3.497600975510551e-08,7.221272182051788e-08,4.4,10.0,stable_coexistence
30.00000000000496,29.999999988062978,30.000000011935775,2.3872797072499452e-08,7.957599024164904e-10,0.4649463267823477,0.4649463267809611,0.46494632678373604,2.7749469388993475e-12,5.9683167261420205e-12,0.4649463267893195,0.4649463099809847,0.46494634358193865,3.360095396365281e-08,7.22684577284683e-08,4.6000000000000005,10.0,stable_coexistence
29.999999999987974,29.999999988066943,30.000000011930567,2.386362396578079e-08,7.954541321929853e-10,0.44704642126303873,0.44704642126170324,0.44704642126437144,2.6681989950816387e-12,5.968505435156413e-12,0.4470464212467663,0.4470464050950067,0.44704643742771744,3.233271073099786e-08,7.232517518147879e-08,4.800000000000001,10.0,stable_coexistence
30.000000000001922,29.99999998807137,30.000000011929778,2.385840858210031e-08,7.952802860699329e-10,0.43047894516489793,0.4304789451636144,0.4304789451661819,2.567501766748137e-12,5.96429115890598e-12,0.43047894516740215,0.43047892958479794,0.43047896074649566,3.116169772221511e-08,7.238843634971449e-08,5.0,10.0,stable_coexistence
30.0000000000236,29.99999998807173,30.000000011928133,2.3856404851585467e-08,7.952134950521968e-10,0.41509996272313965,0.41509996272190414,0.41509996272438004,2.4759083672165616e-12,5.964607539273523e-12,0.4150999627529022,0.4150999476848011,0.41509997776129576,3.0076494683672905e-08,7.24560283844308e-08,5.2,10.0,stable_coexistence
29.99999999997523,29.999999988076453,30.000000011925586,2.3849132446684962e-08,7.949710815567953e-10,0.4007856103712,0.40078561037000243,0.40078561037239235,2.3899215939593432e-12,5.96309231696188e-12,0.40078561034102506,0.4007855958434281,0.40078562490149705,2.9058068951037797e-08,7.250277505282696e-08,5.4,10.0,stable_coexistence
30.000000000025025,29.999999988073466,30.000000011927902,2.385443664820741e-08,7.951478882728906e-10,0.38742870662307805,0.387428706621925,0.38742870662423545,2.310429625396182e-12,5.963496214641604e-12,0.38742870665258755,0.38742869256342155,0.3874287206843662,2.8120944628451383e-08,7.258353381024816e-08,5.6000000000000005,10.0,stable_coexistence
29.99999999998437,29.99999998807416,30.000000011922086,2.384792807674785e-08,7.949309358919827e-10,0.3749360281732687,0.37493602817214944,0.374936028174385,2.2355450823852152e-12,5.9624707000580466e-12,0.3749360281554203,0.374936014556343,0.3749360417858254,2.722948239108902e-08,7.262434214438603e-08,5.800000000000001,10.0,stable_coexistence
29.999999999976634,29.999999988076624,30.000000011925653,2.3849029417988277e-08,7.949676472668686e-10,0.36322610400472605,0.3632261040036409,0.36322610400580696,2.1660451210436804e-12,5.963352020012125e-12,0.36322610397886423,0.36322609080546814,0.363226117206529,2.6401060837510926e-08,7.268492145315221e-08,6.0,10.0,stable_coexistence
29.99999999999154,29.999999988071604,30.000000011928524,2.3856919995068893e-08,7.952306665024942e-10,0.3522274158841553,0.3522274158831039,0.3522274158852044,2.100486451439565e-12,5.963438269451559e-12,0.35222741587507295,0.3522274030696478,0.3522274286987556,2.5629107835989373e-08,7.276295563831599e-08,6.2,10.0,stable_coexistence
30.00000000002605,29.999999988070606,30.000000011928897,2.385829134254891e-08,7.952763780842467e-10,0.34187692033828465,0.3418769203372673,0.3418769203393064,2.0390911181777938e-12,5.9644012124426654e-12,0.341876920365472,0.3418769078906375,0.34187693278542447,2.4894786954110515e-08,7.281798059788524e-08,6.4,10.0,stable_coexistence
30.000000000004846,29.999999988069238,30.00000001193102,2.386178366009517e-08,7.953927886696841e-10,0.33211882692464323,0.33211882692365313,0.3321188269256342,1.9810819651411293e-12,5.964979412578336e-12,0.33211882692955674,0.3321188148228763,0.33211883902666633,2.4203790027765848e-08,7.287689846268985e-08,6.6000000000000005,10.0,stable_coexistence
30.000000000014747,29.999999988065557,30.000000011931075,2.386551756217159e-08,7.955172520719687e-10,0.3229035823152001,0.3229035823142381,0.3229035823161644,1.926292458875878e-12,5.965534495029465e-12,0.32290358232975075,0.3229035705382151,0.32290359408884495,2.3550629835167314e-08,7.29339379426406e-08,6.800000000000001,10.0,stable_coexistence
30.0000000000029,29.999999988066065,30.000000011936173,2.38701076682446e-08,7.956702556080499e-10,0.31418702078144545,0.31418702078050814,0.3141870207823829,1.8747781105332706e-12,5.967076888995473e-12,0.31418702078421684,0.31418700931604615,0.3141870322489859,2.293293976940447e-08,7.299136581801e-08,7.0,10.0,stable_coexistence
29.99999999997454,29.999999988059937,30.000000011941307,2.3881369770606398e-08,7.960456590208623e-10,0.3059296500775422,0.30592965007662726,0.3059296500784534,1.8261503420546887e-12,5.969183900893085e-12,0.30592965005369827,0.30592963890140534,0.3059296612548164,2.235341106660016e-08,7.306716123332117e-08,7.2,10.0,stable_coexistence
30.00000000001049,29.99999998805611,30.000000011943232,2.3887121614052376e-08,7.962373871347742e-10,0.2980960481581657,0.2980960481572766,0.2980960481590568,1.7802426199864385e-12,5.972043678472028e-12,0.2980960481677675,0.29809603725893474,0.2980960590568524,2.179791763756711e-08,7.312380614058388e-08,7.4,10.0,stable_coexistence
29.9999999999731,29.999999988052092,30.00000001194983,2.389773712252463e-08,7.965912374181755e-10,0.29065435113874816,0.29065435113787824,0.29065435113961413,1.7358892101526635e-12,5.972348954507958e-12,0.2906543511148173,0.29065434050257505,0.29065436177665255,2.1274077499633393e-08,7.319373481925372e-08,7.6000000000000005,10.0,stable_coexistence
30.000000000006995,29.999999988049545,30.000000011952565,2.3903020007765008e-08,7.967673335919546e-10,0.28357581677159793,0.28357581677075105,0.2835758167724455,1.694422380182914e-12,5.9752005635293186e-12,0.2835758167776868,0.2835758063871822,0.2835758271578414,2.077065919259269e-08,7.324552364351609e-08,7.800000000000001,10.0,stable_coexistence
30.00000000001565,29.99999998804595,30.000000011955652,2.390970266219483e-08,7.969900887393855e-10,0.2768344507388964,0.27683445073807006,0.27683445073972485,1.6547874182037958e-12,5.9775342764639295e-12,0.27683445075218155,0.27683444059359325,0.27683446088556785,2.0291974600628038e-08,7.330003381233733e-08,8.0,10.0,stable_coexistence
30.000000000010882,29.999999988039,30.000000011961195,2.3922194003489494e-08,7.974064667826674e-10,0.27040668544969065,0.2704066854488826,0.27040668545049973,1.617150857669003e-12,5.980439629196574e-12,0.2704066854587121,0.27040667552977155,0.27040669536975354,1.9839981990621425e-08,7.337090041576427e-08,8.200000000000001,10.0,stable_coexistence
30.000000000022784,29.999999988035935,30.000000011964524,2.3928588888111335e-08,7.976196296030789e-10,0.26427110292111117,0.2642711029203223,0.2642711029219033,1.5810130982174542e-12,5.982542475268011e-12,0.2642711029395839,0.26427109321969294,0.2642711126229012,1.9403208262325222e-08,7.342160397570085e-08,8.4,10.0,stable_coexistence
29.999999999993896,29.999999988031494,30.00000001197085,2.393935716327178e-08,7.979785721091951e-10,0.25840819483428124,0.2584081948335075,0.2584081948350541,1.5465961844540743e-12,5.985089541916157e-12,0.25840819482943567,0.25840818534071425,0.25840820432971134,1.8988997096958116e-08,7.348450040223556e-08,8.6,10.0,stable_coexistence
29.999999999975564,29.999999988024186,30.000000011973487,2.3949301208858742e-08,7.983100402959151e-10,0.2528001540673314,0.25280015406657336,0.2528001540680866,1.5132339825640884e-12,5.985890270284662e-12,0.2528001540483649,0.25280014477050705,0.25280016336236477,1.8591857720018368e-08,7.354369616558022e-08,8.8,10.0,stable_coexistence
30.00000000002465,29.999999988018605,30.000000011978333,2.395972842350602e-08,7.986576141161846e-10,0.24743069298565873,0.24743069298491926,0.24743069298640116,1.4818979376940433e-12,5.989143544830738e-12,0.24743069300440043,0.24743068387865225,0.24743070209034168,1.8211689434277645e-08,7.360319454741274e-08,9.0,10.0,stable_coexistence
30.00000000000843,29.9999999880153,30.000000011983705,2.3968404150309652e-08,7.989468050100707e-10,0.24228488456223518,0.2422848845615098,0.24228488456296157,1.451783138151086e-12,5.992049981855874e-12,0.24228488456850508,0.24228487563896653,0.2422848934847678,1.784580128116886e-08,7.36562716773583e-08,9.200000000000001,10.0,stable_coexistence
30.000000000014428,29.999999988007552,30.000000011991602,2.398405030135109e-08,7.994683433779586e-10,0.23734902304661293,0.23734902304590214,0.23734902304732536,1.4232226508426038e-12,5.996328245080246e-12,0.23734902305713526,0.23734901429646146,0.2373490317961316,1.749967012965037e-08,7.372969100177873e-08,9.4,10.0,stable_coexistence
30.000000000007127,29.99999998800207,30.000000011997635,2.3995564646384082e-08,7.998521548792528e-10,0.23261050143006465,0.23261050142936734,0.23261050143076284,1.3954948308025905e-12,5.999276998317949e-12,0.23261050143516251,0.23261049284786536,0.23261051001205246,1.716418709940548e-08,7.378939039051085e-08,9.600000000000001,10.0,stable_coexistence
29.99999999999315,29.999999987994283,30.000000012005824,2.4011541199797648e-08,8.003847066600777e-10,0.228057703388796,0.22805770338811118,0.2280577033894802,1.3690160116652805e-12,6.0029369379615285e-12,0.22805770338399248,0.22805769496641945,0.2280577118112453,1.684482583974578e-08,7.386212168991906e-08,9.8,10.0,stable_coexistence
29.999999999989317,29.99999998798941,30.000000012009394,2.4019986000212157e-08,8.006662000073304e-10,0.2236799077461424,0.22367990774547003,0.22367990774681332,1.3432865930695925e-12,6.005396759140757e-12,0.22367990773879348,0.22367989947954017,0.22367991601189702,1.6532356844622953e-08,7.391078175807824e-08,10.0,10.0,stable_coexistence
30.000000000014893,29.999999987984726,30.000000012013782,2.4029056078234134e-08,8.009685359407135e-10,0.21946720379211115,0.2194672037914528,0.21946720379277118,1.3183898417423734e-12,6.007229412669795e-12,0.2194672038021985,0.2194671956756682,0.2194672119075687,1.623190051813772e-08,7.396048355677441e-08,10.200000000000001,10.0,stable_coexistence
29.999999999978563,29.999999987976395,30.000000012023733,2.4047338342825242e-08,8.015779447613875e-10,0.2154104160462223,0.2154104160455738,0.21541041604686859,1.2947976024690888e-12,6.010840265891521e-12,0.21541041603202007,0.21541040807201509,0.21541042402054056,1.5948525472486708e-08,7.403785650756076e-08,10.4,10.0,stable_coexistence
30.000000000001133,29.99999998797331,30.000000012028746,2.4055434977299228e-08,8.01847832576584e-10,0.21150103725637862,0.2115010372557428,0.21150103725701463,1.2718437414349637e-12,6.013416094443258e-12,0.21150103725715344,0.21150102942276822,0.21150104509142226,1.566865404090123e-08,7.408310731722995e-08,10.600000000000001,10.0,stable_coexistence
29.99999999998003,29.999999987965186,30.000000012035674,2.4070487825156306e-08,8.023495941723843e-10,0.2077311685999368,0.20773116859931065,0.2077311686005606,1.2499445922742325e-12,6.017125887716186e-12,0.20773116858715424,0.20773116089866453,0.2077311763017646,1.5403100073196896e-08,7.414920051662989e-08,10.8,10.0,stable_coexistence
30.000000000007365,29.99999998795702,30.00000001204192,2.40849011845512e-08,8.028300394848162e-10,0.20409346619885357,0.20409346619823926,0.2040934661994685,1.2292389328649733e-12,6.022921535671656e-12,0.204093466203481,0.20409345862538544,0.20409347377163287,1.514624742293691e-08,7.421230921602311e-08,11.0,10.0,stable_coexistence
30.00000000000899,29.99999998795136,30.000000012050087,2.409872834618909e-08,8.032909448727023e-10,0.2005810931839956,0.20058109318339168,0.20058109318460024,1.2085610290313298e-12,6.025298844675634e-12,0.20058109318955036,0.20058108573551836,0.20058110063338871,1.489787035402479e-08,7.427355249216803e-08,11.200000000000001,10.0,stable_coexistence
29.999999999999535,29.99999998794161,30.00000001205662,2.4115010432979034e-08,8.038336810992868e-10,0.19718767664777023,0.19718767664717585,0.19718767664836456,1.1887157924661551e-12,6.028347271333239e-12,0.1971876766475024,0.1971876693176226,0.19718768397686487,1.4659242264514205e-08,7.434157404595365e-08,11.4,10.0,stable_coexistence
29.999999999993882,29.999999987936132,30.00000001206262,2.4126489250875238e-08,8.042163083626451e-10,0.19390726891282006,0.19390726891223498,0.1939072689134044,1.169425667413293e-12,6.0308500757288846e-12,0.19390726890915885,0.19390726169965994,0.19390727612521041,1.4425550476371285e-08,7.439406762546345e-08,11.600000000000001,10.0,stable_coexistence
30.00000000001773,29.999999987928003,30.00000001207021,2.414220645619025e-08,8.047402152058393e-10,0.19073431261983573,0.19073431261926113,0.1907343126204122,1.1510792319313623e-12,6.034987706798273e-12,0.19073431263026777,0.19073430551834905,0.19073431972028898,1.4201939929625595e-08,7.44592817815698e-08,11.8,10.0,stable_coexistence
30.00000000002569,29.999999987922756,30.000000012076832,2.4154076072591124e-08,8.051358690856546e-10,0.18766360920192915,0.18766360920136382,0.18766360920249697,1.133149130083666e-12,6.038193205899289e-12,0.18766360921680483,0.18766360221021447,0.18766361619341285,1.3983198376976702e-08,7.451204010867988e-08,12.0,10.0,stable_coexistence
29.999999999988074,29.999999987914705,30.00000001208296,2.4168254952883217e-08,8.05608498429734e-10,0.18469029036814646,0.18469029036758786,0.18469029036870402,1.1161627178069011e-12,6.043429330128782e-12,0.18469029036134685,0.18469028348116082,0.18469029725377392,1.3772613105533793e-08,7.457139776277941e-08,12.200000000000001,10.0,stable_coexistence
30.000000000009774,29.999999987905753,30.000000012092464,2.4186711300444586e-08,8.062237100145301e-10,0.18180979226604838,0.1818097922654991,0.18180979226659844,1.09934283898383e-12,6.0466646228222845e-12,0.18180979227153365,0.18180978548006688,0.18180979905101682,1.3570949947139255e-08,7.464366895484014e-08,12.4,10.0,stable_coexistence
29.999999999996405,29.999999987899084,30.000000012100294,2.420120992496777e-08,8.067069974989955e-10,0.17901783203407481,0.17901783203353305,0.17901783203461624,1.083189093975534e-12,6.05073294465607e-12,0.17901783203208768,0.17901782534730382,0.17901783872050567,1.3373201851463179e-08,7.470318291527195e-08,12.600000000000001,10.0,stable_coexistence
29.999999999974257,29.999999987895812,30.000000012105932,2.4210120130874202e-08,8.07004004363139e-10,0.17631038648952396,0.1763103864889891,0.17631038649005634,1.0672296379965474e-12,6.053129706308636e-12,0.17631038647551334,0.1763103799008362,0.17631039307915927,1.3178323071683096e-08,7.474501834546547e-08,12.8,10.0,stable_coexistence
30.00000000001976,29.99999998789024,30.000000012112647,2.4222405414775494e-08,8.074135138252911e-10,0.17368367272850646,0.1736836727279813,0.17368367272903298,1.0516865156517952e-12,6.0551835363919504e-12,0.17368367273910026,0.17368366623377038,0.1736836792247714,1.2991001024920124e-08,7.479690416473297e-08,13.0,10.0,stable_coexistence
29.999999999985114,29.999999987877995,30.00000001212379,2.4245796481636717e-08,8.081932160549314e-10,0.17113413044058234,0.17113413044006306,0.1711341304411003,1.0372258607560525e-12,6.0608942125084496e-12,0.17113413043271347,0.1711341240335552,0.17113413684854736,1.2814992150778082e-08,7.488273740778903e-08,13.200000000000001,10.0,stable_coexistence
29.999999999997055,29.999999987868375,30.00000001213151,2.4263133724389263e-08,8.087711241463612e-10,0.16865840576368848,0.16865840576317695,0.1686584057641999,1.0229594948896192e-12,6.0652743054908755e-12,0.1686584057621577,0.16865839944322922,0.16865841208409138,1.2640862162571764e-08,7.494949395124115e-08,13.4,10.0,stable_coexistence
29.999999999978908,29.99999998786296,30.000000012137587,2.4274626753140183e-08,8.091542251052147e-10,0.16625333652507107,0.16625333652456575,0.16625333652557467,1.008915173628111e-12,6.068540906966385e-12,0.16625333651423616,0.16625333029090278,0.16625334275953002,1.2468627241801755e-08,7.49977564550055e-08,13.600000000000001,10.0,stable_coexistence
29.9999999999857,29.999999987853283,30.000000012146117,2.4292834410744035e-08,8.097611470251602e-10,0.1639159387312171,0.16391593873071894,0.1639159387317142,9.952594304252216e-13,6.071767261456722e-12,0.16391593872397497,0.16391593257874973,0.16391594488337777,1.2304628038695142e-08,7.506669659099084e-08,13.8,10.0,stable_coexistence
30.00000000000571,29.999999987846017,30.0000000121555,2.4309482427042894e-08,8.103160809012486e-10,0.1616433941851712,0.16164339418468016,0.16164339418566268,9.82519621217648e-13,6.078315950765303e-12,0.1616433941880334,0.1616433881134162,0.1616434002577156,1.2144299399441394e-08,7.5130192980477e-08,14.0,10.0,stable_coexistence
29.999999999975326,29.999999987838482,30.000000012159912,2.43214302031447e-08,8.107143401054631e-10,0.15943303912290063,0.15943303912241505,0.15943303912338444,9.693912339514554e-13,6.080240577977754e-12,0.15943303911074574,0.1594330331294983,0.15943304511551967,1.1986021369869704e-08,7.517903087495414e-08,14.200000000000001,10.0,stable_coexistence
30.000000000010743,29.99999998782853,30.000000012170975,2.4342444504554805e-08,8.114148168181759e-10,0.15728235377214,0.1572823537716619,0.15728235377261893,9.570400028025006e-13,6.0848530038081085e-12,0.15728235377737323,0.15728234785385406,0.1572823596902073,1.1836353230876284e-08,7.525544313480267e-08,14.4,10.0,stable_coexistence
29.999999999994277,29.999999987825202,30.000000012179534,2.4354331884524072e-08,8.11811062817597e-10,0.1551889527475019,0.1551889527470289,0.15518895274797412,9.452161275902426e-13,6.090743644117845e-12,0.15518895274474973,0.15518894690549656,0.15518895859177106,1.1686274503652783e-08,7.530352062365369e-08,14.600000000000001,10.0,stable_coexistence
29.999999999989512,29.999999987812956,30.000000012186057,2.4373100870889175e-08,8.124366956965628e-10,0.15315057620465314,0.15315057620418634,0.15315057620511932,9.329759187437503e-13,6.091886441817462e-12,0.1531505761996874,0.15315057043275124,0.15315058197609888,1.1543347638864887e-08,7.53725380943952e-08,14.8,10.0,stable_coexistence
30.00000000002704,29.999999987805975,30.00000001219621,2.439023560896203e-08,8.130078536313078e-10,0.15116508168449072,0.15116508168403078,0.1511650816849527,9.2192919964873e-13,6.098823811486218e-12,0.1511650816971329,0.1511650759833509,0.15116508738665077,1.14032998599356e-08,7.543607116031775e-08,15.0,10.0,stable_coexistence
29.999999999998412,29.99999998780019,30.000000012206026,2.4405835574725643e-08,8.135278524908708e-10,0.14923043658528531,0.14923043658482985,0.14923043658574045,9.106049247975534e-13,6.102005365849345e-12,0.1492304365845666,0.1492304309536737,0.1492304422198014,1.1266127697417971e-08,7.549483842029862e-08,15.200000000000001,10.0,stable_coexistence
29.999999999977838,29.999999987794585,30.000000012209217,2.4414632093794353e-08,8.138210697937192e-10,0.14734471120705125,0.14734471120660061,0.14734471120750006,8.994471834000706e-13,6.104373723533571e-12,0.1473447111969439,0.14734470564327737,0.1473447167725445,1.1129267118992203e-08,7.553217912274482e-08,15.4,10.0,stable_coexistence
30.000000000024603,29.999999987780203,30.000000012217583,2.4437380119479712e-08,8.145793373152953e-10,0.14550607231804796,0.14550607231760435,0.14550607231849333,8.889833313929785e-13,6.109596096056557e-12,0.14550607232912408,0.14550606681650616,0.1455060778185917,1.1002085548161844e-08,7.561255260330524e-08,15.600000000000001,10.0,stable_coexistence
29.999999999996295,29.999999987777784,30.00000001222185,2.4444066326623215e-08,8.148022108875141e-10,0.14371277719820647,0.14371277719776712,0.14371277719864528,8.781586569028832e-13,6.110512050613493e-12,0.1437127771965546,0.14371277176267291,0.14371278263354273,1.0870869815438056e-08,7.564302929373097e-08,15.8,10.0,stable_coexistence
29.999999999982986,29.99999998776619,30.00000001223442,2.4468228332352737e-08,8.1560761107886e-10,0.14196316811870477,0.1419631681182699,0.14196316811913834,8.684442054374131e-13,6.1173909890848035e-12,0.14196316811122756,0.1419631627436002,0.14196317349407808,1.0750477869025943e-08,7.57272327180474e-08,16.0,10.0,stable_coexistence
29.999999999972857,29.999999987755967,30.000000012243476,2.4487508909487588e-08,8.162502969836309e-10,0.1402556672209085,0.14025566722047825,0.1402556672213369,8.586464872450961e-13,6.1220092154035405e-12,0.14025566720912253,0.14025566190535557,0.14025567253621338,1.06308578051717e-08,7.579627986971246e-08,16.2,10.0,stable_coexistence
30.00000000002245,29.999999987749668,30.000000012249302,2.4499634321273334e-08,8.166544773751395e-10,0.1385887717613194,0.13858877176089568,0.13858877176174472,8.490430580820885e-13,6.126348096498052e-12,0.1385887717709558,0.13858876650562907,0.13858877701658254,1.0510953468712003e-08,7.584274926692837e-08,16.400000000000002,10.0,stable_coexistence
29.999999999980044,29.99999998773957,30.000000012259935,2.4520364405589135e-08,8.17345480186821e-10,0.13696104969238987,0.1369610496919693,0.13696104969280898,8.396894290996215e-13,6.130862978776858e-12,0.13696104968393036,0.13696104449352578,0.1369610548910354,1.0397509631054902e-08,7.591581442295945e-08,16.6,10.0,stable_coexistence
29.999999999993072,29.999999987732973,30.00000001226745,2.453447578432133e-08,8.178158594775393e-10,0.13537113555179708,0.13537113555138164,0.13537113555221195,8.303080445415389e-13,6.1335678477610495e-12,0.13537113554889246,0.1353711304099268,0.13537114069383988,1.0283913082220764e-08,7.59682855613671e-08,16.8,10.0,stable_coexistence
30.000000000015795,29.99999998772331,30.000000012275503,2.4552193167437508e-08,8.184064389141255e-10,0.13381772663539473,0.1338177266349845,0.13381772663580596,8.214540159201533e-13,6.1386038798296284e-12,0.13381772664194172,0.133817721547964,0.13381773172233843,1.0174374426297206e-08,7.603158924859719e-08,17.0,10.0,stable_coexistence
29.999999999973838,29.999999987713668,30.000000012283028,2.4569359879933472e-08,8.18978662665136e-10,0.13229957943120116,0.13229957943079398,0.1322995794316066,8.126277428743833e-13,6.142330507489075e-12,0.13229957942048082,0.13229957439698448,0.13229958446406057,1.0067076089415039e-08,7.609303168941516e-08,17.2,10.0,stable_coexistence
29.999999999976986,29.999999987708826,30.000000012293988,2.4585162350376777e-08,8.195054116798273e-10,0.13081550629389754,0.13081550629349487,0.1308155062942989,8.040235144335384e-13,6.1462401301343225e-12,0.13081550628456629,0.1308155013136556,0.13081551127527233,9.961616725950861e-09,7.615012171573111e-08,17.400000000000002,10.0,stable_coexistence
29.9999999999931,29.999999987695244,30.000000012300855,2.4605611770311953e-08,8.201870590105597e-10,0.12936437234113277,0.12936437234073467,0.1293643723415304,7.957245973244653e-13,6.151033572211019e-12,0.12936437233837586,0.12936436741018584,0.129364377270538,9.860352173651776e-09,7.62215438094812e-08,17.6,10.0,stable_coexistence
30.000000000008214,29.999999987688636,30.000000012311745,2.4623108885180045e-08,8.207702961724161e-10,0.12794509255452485,0.12794509255413122,0.12794509255491895,7.877309915471642e-13,6.156789415000887e-12,0.12794509255779202,0.12794508767457247,0.12794509743464358,9.760071112419055e-09,7.6283278375325e-08,17.8,10.0,stable_coexistence
29.999999999979373,29.99999998768243,30.00000001231837,2.4635941286987872e-08,8.21198042900133e-10,0.12655662906980078,0.12655662906941034,0.12655662907018997,7.796263634674006e-13,6.160296534377877e-12,0.12655662906171788,0.1265566242398647,0.12655663390004018,9.660175492864909e-09,7.633085334532416e-08,18.0,10.0,stable_coexistence
29.99999999997567,29.999999987668815,30.000000012328478,2.4659662756221223e-08,8.219887585413467e-10,0.12519798864181042,0.12519798864142373,0.12519798864219564,7.719103134462557e-13,6.1655168890014204e-12,0.12519798863237264,0.12519798385798547,0.12519799342458396,9.566598485610811e-09,7.641175860760394e-08,18.2,10.0,stable_coexistence
29.999999999984468,29.999999987664133,30.000000012336084,2.4671951592836194e-08,8.223983864282716e-10,0.12386822027140361,0.12386822027102115,0.12386822027178532,7.641665078494952e-13,6.169189370518005e-12,0.12386822026544625,0.12386821553615134,0.1238682250067546,9.470603259953414e-09,7.645708672960432e-08,18.400000000000002,10.0,stable_coexistence
30.000000000000764,29.999999987655723,30.00000001234502,2.46892959410161e-08,8.22976531367155e-10,0.12256641298221567,0.12256641298183746,0.12256641298259392,7.564643356161582e-13,6.171873005043795e-12,0.12256641298250148,0.12256640829307544,0.12256641767162821,9.378552767724813e-09,7.651813037057099e-08,18.6,10.0,stable_coexistence
29.999999999995016,29.99999998764646,30.00000001235231,2.470584803404563e-08,8.235282678016304e-10,0.12129169373643854,0.12129169373606388,0.12129169373681302,7.491368636536322e-13,6.176324532785377e-12,0.12129169373455892,0.12129168909215247,0.1212916983802515,9.288099026005803e-09,7.657654650495512e-08,18.8,10.0,stable_coexistence
29.999999999974175,29.999999987637874,30.0000000123647,2.4726826808318947e-08,8.242275602779803e-10,0.12004322547953343,0.12004322547916163,0.12004322547990366,7.420314362960312e-13,6.181368697197838e-12,0.12004322546992731,0.12004322087945464,0.12004323008057864,9.201124001601002e-09,7.664842364494261e-08,19.0,10.0,stable_coexistence
30.000000000011337,29.99999998762823,30.00000001237143,2.474320126566454e-08,8.247733755218122e-10,0.1188202053046756,0.11882020530430838,0.11882020530504345,7.350647868165083e-13,6.186361864343597e-12,0.11882020530885455,0.11882020074751438,0.11882020986172853,9.114214147287747e-09,7.670592828484067e-08,19.200000000000003,10.0,stable_coexistence
29.99999999998343,29.999999987621536,30.000000012377402,2.4755866689929462e-08,8.251955563314104e-10,0.11762186272846968,0.11762186272810514,0.11762186272883328,7.281397707004089e-13,6.1905138534927865e-12,0.11762186272242812,0.11762185821444295,0.11762186724213314,9.027690192620064e-09,7.675180432950168e-08,19.400000000000002,10.0,stable_coexistence
30.00000000000383,29.999999987610494,30.000000012386444,2.477595018035572e-08,8.258650060117244e-10,0.11644745807011207,0.1164474580697517,0.11644745807047295,7.212563879477329e-13,6.193835399200182e-12,0.11644745807150238,0.11644745359679164,0.11644746254234994,8.945558307993373e-09,7.682055457512606e-08,19.6,10.0,stable_coexistence
29.999999999983878,29.999999987602735,30.000000012396224,2.479348992778796e-08,8.264496642600153e-10,0.11529628092687493,0.11529628092651717,0.1152962809272317,7.145256608609429e-13,6.197300165370673e-12,0.11529628092110589,0.11529627649461026,0.11529628535875898,8.864148720588716e-09,7.688148004164445e-08,19.8,10.0,stable_coexistence
29.99999999998314,29.999999987592567,30.000000012408158,2.4815591359583777e-08,8.271863786532299e-10,0.11416764873925221,0.11416764873889763,0.11416764873960598,7.083500452864655e-13,6.204472572594216e-12,0.11416764873328185,0.11416764434643822,0.1141676531323332,8.785894969887131e-09,7.69560822815556e-08,20.0,10.0,stable_coexistence
