k,class,class_code,x_mean,x_min,x_max,x_amplitude,x_rel_amp,y_mean,y_min,y_max,y_amplitude,y_rel_amp,z_mean,z_min,z_max,z_amplitude,z_rel_amp
0.0,oscillatory_coexistence,1,59.77703870875404,1.1952360567735039,96.35309203373238,95.15785597695887,1.5918797256014539,9.415170868704804,1.2302254360454152,26.623423686647165,25.39319825060175,2.697051238337744,9.41969009815732,1.2303843835674153,26.62153285556282,25.391148471995404,2.6955396841518615
0.2,stable_coexistence,0,29.999995254156158,29.99964999059393,30.00048761173364,0.0008376211397091993,2.792070907388415e-05,5.000000991905943,4.999980626922924,5.000049311001155,6.868407823112932e-05,1.3736812921100586e-05,5.000000997713062,4.999980629315436,5.000049307297134,6.867798169807315e-05,1.3735593598778397e-05
0.4,stable_coexistence,0,29.99999975650311,29.99998252228141,30.000004097078268,2.1574796857493084e-05,7.191599010868761e-07,3.291561969668465,3.2915614962310893,3.291562966239057,1.470007967796505e-06,4.4659890390718296e-07,3.2915619698717125,3.2915614962802393,3.2915629806226887,1.4843424493982127e-06,4.5095382161559733e-07
0.6000000000000001,stable_coexistence,0,30.00000002889949,29.999999245477547,30.000003696401677,4.450924130594558e-06,1.4836413754356369e-07,2.5000000020614332,2.4999999115403977,2.500000076028704,1.6448830653104096e-07,6.57953225581633e-08,2.5000000020429036,2.4999999092157803,2.500000076026668,1.6681088776948627e-07,6.672435505326992e-08
0.8,stable_coexistence,0,30.00000001845685,29.999999699198135,30.000000548085016,8.488868807887684e-07,2.8296229342216972e-08,2.029344227523391,2.029344180087289,2.0293442350641726,5.497688349009877e-08,2.709096009659853e-08,2.0293442275140605,2.0293441800885583,2.0293442350637503,5.497519195429845e-08,2.7090126558589244e-08
1.0,stable_coexistence,0,29.999999991323552,29.999999237991712,30.000000101296337,8.633046242323417e-07,2.8776820816067407e-08,1.7134302207636471,1.7134302128924797,1.7134302392600171,2.6367537486748915e-08,1.5388743099790388e-08,1.7134302207674301,1.7134302128932064,1.713430239588375,2.6695168520163293e-08,1.5579956625375003e-08
1.2000000000000002,stable_coexistence,0,29.99999999115522,29.999999725427383,30.000000024674033,2.992466505702396e-07,9.974888355282175e-09,1.4852749861599028,1.4852749841621695,1.4852750022883503,1.812618077856598e-08,1.220392247056568e-08,1.4852749861632044,1.4852749841622503,1.4852750023758503,1.821359996156957e-08,1.2262779708301247e-08
1.4000000000000001,stable_coexistence,0,29.999999998701643,29.999999902528096,30.000000318947695,4.1641959924731964e-07,1.3880653308844722e-08,1.3121396093584135,1.3121396086060364,1.3121396155209852,6.914948835756718e-09,5.269979494893733e-09,1.312139609358818,1.3121396086060757,1.3121396155206426,6.914566919036247e-09,5.269688430802779e-09
1.6,stable_coexistence,0,30.000000002748564,29.999999961272337,30.00000031142008,3.50147743688467e-07,1.1671591455212897e-08,1.1759545670262048,1.1759545629831885,1.1759545693001519,6.31696339681298e-09,5.371775044666507e-09,1.1759545670253782,1.1759545628908366,1.1759545693000863,6.4092497975565266e-09,5.450252907107595e-09
1.8,stable_coexistence,0,30.000000004618848,29.999999982766195,30.00000024985106,2.670848644470425e-07,8.902828813530723e-09,1.0658668946621297,1.0658668885915885,1.0658668956626116,7.071023100380103e-09,6.6340582823163364e-09,1.0658668946608854,1.0658668885247409,1.0658668956625816,7.137840762894143e-09,6.696746843952875e-09
2.0,stable_coexistence,0,30.00000000459266,29.999999991616498,30.00000015108568,1.594691809714277e-07,5.315639364900493e-09,0.9749371854541404,0.9749371799652472,0.9749371859734574,6.008210151620119e-09,6.162663852873145e-09,0.9749371854530138,0.9749371799289158,0.9749371859734391,6.044523326309559e-09,6.199910534237042e-09
2.2,stable_coexistence,0,30.000000003596647,29.999999995611415,30.000000086495255,9.088384089750434e-08,3.029461362886948e-09,0.8985086255753267,0.898508621634483,0.8985086258808243,4.246341278602017e-09,4.7259883296980314e-09,0.8985086255745165,0.8985086216231586,0.8985086258808116,4.2576530079330155e-09,4.738577779607424e-09
2.4000000000000004,stable_coexistence,0,30.000000002265,29.999999973166805,30.000000052223704,7.905689969334162e-08,2.635229989579094e-09,0.8333333332538662,0.8333333309135228,0.8333333334465419,2.5330191277816994e-09,3.039622953627896e-09,0.8333333332533955,0.8333333309136577,0.8333333334465367,2.5328790176359917e-09,3.039454821454747e-09
2.6,stable_coexistence,0,30.00000000094823,29.99999991778579,30.000000032991014,1.1520522491537122e-07,3.8401741637243285e-09,0.7770735352497772,0.7770735338669659,0.7770735353735131,1.5065472203090735e-09,1.9387447287402697e-09,0.7770735352495963,0.7770735338670626,0.7770735353735094,1.5064468561476474e-09,1.9386155721591705e-09
2.8000000000000003,stable_coexistence,0,29.999999999809443,29.99999988302638,30.000000021669667,1.386432870731369e-07,4.621442902467251e-09,0.7280017179610928,0.7280017171033653,0.7280017181581836,1.0548183437819603e-09,1.4489228771824578e-09,0.7280017179611319,0.7280017171033946,0.7280017181797543,1.0763597790841573e-09,1.478512691012115e-09
3.0,stable_coexistence,0,29.99999999890455,29.999999864795864,30.000000014723426,1.4992756192100387e-07,4.997585397549283e-09,0.6848125640706245,0.6848125635127658,0.684812565011963,1.4991972108191476e-09,2.1892080979176278e-09,0.6848125640708167,0.6848125635127784,0.6848125650353477,1.522569292866649e-09,2.2233372644564935e-09
3.2,stable_coexistence,0,29.999999998233886,29.99999985894396,30.000000010304902,1.513609433345664e-07,5.045364778115903e-09,0.646500713847595,0.6465007134674494,0.6465007152630902,1.7956407472041747e-09,2.7774768205862697e-09,0.6465007138478851,0.646500713467469,0.646500715286077,1.8186080419368977e-09,2.813002372592576e-09
3.4000000000000004,stable_coexistence,0,29.999999997772882,29.99999986190421,30.000000007404076,1.454998646011063e-07,4.849995487063594e-09,0.6122788548474623,0.6122788545764414,0.6122788565292407,1.952799366655711e-09,3.189395405696659e-09,0.6122788548478074,0.6122788545764545,0.6122788565505208,1.9740663548262205e-09,3.2241295599158098e-09
3.6,stable_coexistence,0,29.999999997488047,29.999999870843634,30.000000005444836,1.3460120129593633e-07,4.4867067102402246e-09,0.5815213720791504,0.5815213718775187,0.5815213738750076,1.99748884099904e-09,3.434936249818794e-09,0.5815213720795195,0.5815213718775304,0.5815213738938835,2.0163530844996558e-09,3.467375717059507e-09
3.8000000000000003,stable_coexistence,0,29.999999997345316,29.999999883613313,30.000000004087966,1.2047465247633227e-07,4.015821749566434e-09,0.55372468178029,0.5537246816243827,0.5537246835832401,1.9588574096118805e-09,3.537601761427574e-09,0.5537246817806607,0.5537246816243862,0.5537246835994135,1.975027363876336e-09,3.5668039169304587e-09
4.0,stable_coexistence,0,29.999999997313697,29.999999898633494,30.000000003127088,1.044935942218217e-07,3.483119807705947e-09,0.5284787384781131,0.5284787383534527,0.5284787402159751,1.8625223585644335e-09,3.524308970173577e-09,0.5284787384784707,0.528478738353455,0.5284787402293978,1.8759427344861024e-09,3.5497033237081144e-09
4.2,stable_coexistence,0,29.999999997366675,29.999999914771628,30.000000002432564,8.766093628764793e-08,2.922031209844753e-09,0.5054461968555981,0.5054461967531043,0.5054461984820766,1.7289722986646439e-09,3.4206851479359215e-09,0.505446196855933,0.5054461967531058,0.5054461984928501,1.739744348583372e-09,3.441997109495013e-09
4.4,stable_coexistence,0,29.999999997482444,29.999999929975726,30.00000000192129,7.194556417289277e-08,2.398185472631011e-09,0.48434692496386395,0.4843469248776927,0.484346926451425,1.5737323111331136e-09,3.2491840662568943e-09,0.4843469249641705,0.4843469248776944,0.484346926459734,1.5820396104260226e-09,3.26633561376084e-09
4.6000000000000005,stable_coexistence,0,29.999999997643442,29.9999999418671,30.000000001538584,5.967148553054358e-08,1.9890495178410294e-09,0.4649463268126702,0.4649463267389627,0.4649463281470837,1.4081210086835938e-09,3.0285667989607144e-09,0.4649463268129453,0.46494632673896436,0.46494632815315345,1.4141890991581363e-09,3.041617962339731e-09
4.800000000000001,stable_coexistence,0,29.99999999783572,29.999999951223813,30.000000001247763,5.0023949427213665e-08,1.6674649810274177e-09,0.4470464212929226,0.4470464212290573,0.4470464224691861,1.240128777446614e-09,2.774049222584045e-09,0.44704642129316524,0.4470464212290586,0.44704642247325543,1.2441968566534456e-09,2.7831491258880255e-09
5.0,stable_coexistence,0,29.999999998048505,29.999999958677854,30.000000001023622,4.234576778117116e-08,1.4115255927975248e-09,0.4304789451938007,0.43047894513794555,0.43047894621315097,1.0752054246943032e-09,2.4976957333191883e-09,0.4304789451940112,0.43047894513794616,0.4304789462154562,1.0775100256488201e-09,2.5030493074712356e-09
5.2,stable_coexistence,0,29.999999998273402,29.999999964681784,30.00000000084865,3.616686683471926e-08,1.2055622278933593e-09,0.4150999627506794,0.41509996270151095,0.41509996361843154,9.169205950065873e-10,2.2089151464398303e-09,0.4150999627508587,0.4150999627015124,0.4150999636191967,9.176843174252269e-10,2.2107549982509034e-09
5.4,stable_coexistence,0,29.999999998504013,29.99999996956483,30.000000004933277,3.536844772611403e-08,1.1789482575959239e-09,0.40078561039711535,0.4007856103536504,0.4007856111228453,7.691948744614763e-10,1.919217792523348e-09,0.4007856103972651,0.40078561035365085,0.400785611122831,7.691801640064e-10,1.9191810884726483e-09
5.6000000000000005,stable_coexistence,0,29.9999999987356,29.999999973575605,30.000000016878793,4.330318859047111e-08,1.4434396197432064e-09,0.3874287066472206,0.38742870660870354,0.3874287072560553,6.473517832894515e-10,1.6708926627858435e-09,0.3874287066473427,0.38742870660870404,0.3874287072560344,6.473303559850763e-10,1.6708373563405245e-09
5.800000000000001,stable_coexistence,0,29.99999999896464,29.999999976897207,30.000000027827078,5.092987009902572e-08,1.6976623366927803e-09,0.37493602819554445,0.37493602816137894,0.3749360287105144,5.491354593267772e-10,1.4646110750401912e-09,0.374936028195641,0.3749360281613796,0.37493602871049236,5.491127552659236e-10,1.4645505205474574e-09
6.0,stable_coexistence,0,29.999999999188557,29.999999979671212,30.000000037811095,5.813988224190325e-08,1.9379960747825273e-09,0.3632261040251069,0.3632261039948095,0.3632261044640511,4.692416455398529e-10,1.291872033259528e-09,0.36322610402517996,0.3632261039948101,0.36322610446403736,4.69227268151684e-10,1.291832450784304e-09
6.2,stable_coexistence,0,29.99999999940549,29.999999982004702,30.000000046876576,6.48718732065845e-08,2.1623957735956688e-09,0.35222741590265216,0.3522274158758202,0.35222741627954623,4.037260525890929e-10,1.1462084845226036e-09,0.3522274159027037,0.35222741587582046,0.35222741627952436,4.037039036397516e-10,1.1461456019972796e-09
6.4,stable_coexistence,0,29.999999999614236,29.999999983981755,30.000000055076487,7.10947318793842e-08,2.3698243960099464e-09,0.3418769203549381,0.3418769203312286,0.3418769206807935,3.4956493255577925e-10,1.0224876607431072e-09,0.34187692035497014,0.3418769203312289,0.34187692068078224,3.495533307251719e-10,1.022453725048858e-09
6.6000000000000005,stable_coexistence,0,29.999999999814012,29.99999998566737,30.00000006246741,7.680004188159728e-08,2.5600013960691135e-09,0.3321188269395072,0.33211882691862527,0.33211882722310127,3.044759999681901e-10,9.167682626545199e-10,0.3321188269395216,0.33211882691862543,0.33211882722308866,3.044632324034069e-10,9.167298198931924e-10
6.800000000000001,stable_coexistence,0,30.00000000000434,29.99999998711353,30.00000006910682,8.199329215585749e-08,2.7331097385281876e-09,0.3229035823283485,0.32290358231003574,0.32290358257671214,2.6667640318223107e-10,8.258700670315174e-10,0.322903582328347,0.3229035823100359,0.3229035825766995,2.6666358010629665e-10,8.258303552517944e-10
7.0,stable_coexistence,0,30.000000000185036,29.99999998836117,30.00000007505143,8.669026030361238e-08,2.8896753434359228e-09,0.31418702079295735,0.31418702071351845,0.3141870210117748,2.9825636405078626e-10,9.49295624300566e-10,0.3141870207929416,0.31418702070754345,0.31418702101175977,3.0421631880273026e-10,9.682650735697217e-10
7.2,stable_coexistence,0,30.000000000356046,29.999999989443474,30.00000008035606,9.091258590387952e-08,3.0304195300933516e-09,0.30592965008750167,0.3059296499463164,0.3059296502813902,3.3507380203801063e-10,1.0952642280412248e-09,0.30592965008747314,0.30592964994009225,0.30592965028137903,3.412867766172667e-10,1.1155727354955066e-09
7.4,stable_coexistence,0,30.00000000051753,29.99999999038722,30.000000085072838,9.468561756875715e-08,3.1561872522374578e-09,0.2980960481666648,0.29809604797040895,0.2980960483394054,3.6899644451082736e-10,1.2378441337287407e-09,0.2980960481666249,0.2980960479639926,0.2980960483393998,3.754072053219204e-10,1.2593498224172368e-09
7.6000000000000005,stable_coexistence,0,30.000000000669697,29.99999999121354,30.000000089250904,9.803736489288895e-08,3.267912163023348e-09,0.2906543511458699,0.29065435090063424,0.2906543513005762,3.999419684319605e-10,1.3760054403288163e-09,0.2906543511458199,0.2906543508940747,0.2906543513005709,4.064961700578351e-10,1.3985552545672938e-09
7.800000000000001,stable_coexistence,0,30.00000000081283,29.99999999194071,30.00000009293615,1.0099543956698653e-07,3.366514652141671e-09,0.2835758167774341,0.28357581648875785,0.28357581691668454,4.2792669407987205e-10,1.5090380376678275e-09,0.2835758167773751,0.28357581648209723,0.2835758169166795,4.3458225906789494e-10,1.5325081807277943e-09
8.0,stable_coexistence,0,30.00000000094724,29.999999992583344,30.000000096171153,1.0358780855312943e-07,3.4529269516619562e-09,0.27683445074352914,0.2768344504164381,0.2768344508694689,4.5303077955693993e-10,1.6364682153546153e-09,0.2768344507434623,0.27683445040971255,0.27683445086946545,4.597529024152891e-10,1.660750319118817e-09
8.200000000000001,stable_coexistence,0,30.00000000107335,29.999999993153256,30.000000098995294,1.0584203735675146e-07,3.528067911765487e-09,0.2704066854532003,0.2704066850922436,0.2704066855676268,4.753832327786256e-10,1.758030619627188e-09,0.27040668545312635,0.27040668508548393,0.2704066855676192,4.821352761474884e-10,1.7830005768517227e-09
8.4,stable_coexistence,0,30.000000001191523,29.999999993660982,30.00000010144478,1.0778379788689563e-07,3.5927932627538245e-09,0.2642711029235763,0.264271102532866,0.2642711030279965,4.951304921618771e-10,1.8735703097476397e-09,0.2642711029234962,0.2642711025260988,0.26427110302799217,5.0189336020523e-10,1.8991609549929534e-09
8.6,stable_coexistence,0,30.00000000130213,29.99999999411455,30.000000103552892,1.0943834283239084e-07,3.6479447609213583e-09,0.25840819483577304,0.2584081944190211,0.258408194931462,5.124409230283788e-10,1.983067616543856e-09,0.25840819483568755,0.25840819441226875,0.2584081949314587,5.191899687950752e-10,2.0091853864201456e-09
8.8,stable_coexistence,0,30.000000001405603,29.999999994521353,30.000000105350153,1.108288003592861e-07,3.6942933451364467e-09,0.25280015406792017,0.25280015362847297,0.2528001541559609,5.274879422145773e-10,2.0865807782413547e-09,0.25280015406782996,0.2528001536217546,0.2528001541559571,5.342024600452078e-10,2.1131413547393305e-09
9.0,stable_coexistence,0,30.000000001502364,29.99999999488714,30.000000106864427,1.1197728611023194e-07,3.732576203487475e-09,0.24743069298541376,0.24743069252628608,0.24743069306672835,5.404422742660842e-10,2.1842167911559035e-09,0.24743069298531947,0.2474306925196178,0.2474306930667229,5.471051112149183e-10,2.211144885114867e-09
9.200000000000001,stable_coexistence,0,30.00000000159269,29.999999995217344,30.000000108121174,1.1290383028494944e-07,3.7634610092985135e-09,0.24228488456121514,0.24228488408511945,0.24228488463659,5.514705636588957e-10,2.2761245079635175e-09,0.24228488456111733,0.2422848840785148,0.242284884636588,5.580731987642196e-10,2.3033760433513182e-09
9.4,stable_coexistence,0,30.000000001676987,29.999999995516145,30.00000010914364,1.1362749674503902e-07,3.7875832246229095e-09,0.23734902304487687,0.23734902255425375,0.23734902311499056,5.607368180893246e-10,2.3624989515263382e-09,0.23734902304477604,0.23734902254772414,0.23734902311498743,5.672632918951592e-10,2.3899963211061638e-09
9.600000000000001,stable_coexistence,0,30.000000001755623,29.999999995787363,30.00000010995304,1.1416567602395844e-07,3.805522533909246e-09,0.23261050142766598,0.23261050092470936,0.2326105014931023,5.683929438227153e-10,2.4435394805228255e-09,0.2326105014275626,0.23261050091826418,0.23261050149309812,5.748339304556538e-10,2.471229488470282e-09
9.8,stable_coexistence,0,30.00000000182891,29.999999996034116,30.000000110568678,1.1453456139065565e-07,3.817818712789107e-09,0.22805770338578507,0.22805770287246552,0.2280577034470482,5.745826869851811e-10,2.519461866250612e-09,0.2280577033856795,0.22805770286611257,0.2280577034470444,5.809318304184075e-10,2.54730194066702e-09
10.0,stable_coexistence,0,30.000000001897178,29.999999996259202,30.000000111008188,1.1474898542473966e-07,3.8249661805827676e-09,0.22367990774256694,0.2236799072206543,0.22367990780009478,5.794404678294285e-10,2.5904895691226035e-09,0.2236799077424596,0.22367990721439987,0.22367990780009198,5.856921059255171e-10,2.618438606474517e-09
10.200000000000001,stable_coexistence,0,30.000000001960732,29.999999996465025,30.000000111287612,1.1482258699402337e-07,3.827419566217294e-09,0.21946720378801648,0.21946720325909885,0.21946720384218996,5.830911031790009e-10,2.656848463528092e-09,0.21946720378790763,0.21946720325294805,0.219467203842189,5.892409615793071e-10,2.6848702284863704e-09
10.4,stable_coexistence,0,30.000000002019842,29.999999996653752,30.000000111421585,1.147678325708057e-07,3.825594418769287e-09,0.21541041604164668,0.21541041550714823,0.215410416092801,5.856527762748698e-10,2.71877649668361e-09,0.21541041604153666,0.21541041550110504,0.2154104160927986,5.916935552630065e-10,2.7468196113084433e-09
10.600000000000001,stable_coexistence,0,30.0000000020748,29.99999999682699,30.00000011142342,1.1459643189937196e-07,3.8198810630482156e-09,0.2115010372513628,0.2115010367125603,0.21150103729978778,5.872274888574225e-10,2.7764756924549595e-09,0.2115010372512519,0.21150103670662784,0.21150103729978698,5.931591329222385e-10,2.8045211533293545e-09
10.8,stable_coexistence,0,30.00000000212582,29.999999996986556,30.0000001113053,1.1431874469280956e-07,3.810624822823628e-09,0.20773116859451501,0.20773116805255173,0.20773116864046906,5.879173259337733e-10,2.8301835006828824e-09,0.20773116859440344,0.20773116804673228,0.20773116864046653,5.9373425620457e-10,2.8581857032915335e-09
11.0,stable_coexistence,0,30.00000000217318,29.999999997133703,30.000000111078236,1.1394453380830782e-07,3.798151126668458e-09,0.2040934661930607,0.20409346564896053,0.20409346623676944,5.878089126554187e-10,2.8800966714896318e-09,0.20409346619294869,0.2040934656432557,0.20409346623676744,5.935117397548595e-10,2.908038904066406e-09
11.200000000000001,stable_coexistence,0,30.00000000221708,29.999999997269683,30.00000011075236,1.1348267747735008e-07,3.782755915632114e-09,0.200581093177861,0.20058109263253934,0.2005810932195238,5.86984461037332e-10,2.926419692592029e-09,0.2005810931777487,0.20058109262695012,0.2005810932195222,5.925720747423924e-10,2.954276823176303e-09
11.4,stable_coexistence,0,30.000000002257767,29.99999999739558,30.000000110336853,1.1294127233441031e-07,3.764709077530349e-09,0.19718767664132134,0.1971876760955967,0.197187676681116,5.855192997117342e-10,2.969350365523977e-09,0.19718767664120895,0.19718767609012358,0.19718767668111445,5.909908673551456e-10,2.9970983857701954e-09
11.600000000000001,stable_coexistence,0,30.000000002295423,29.99999999751239,30.000000109840144,1.1232775420921826e-07,3.74425847335412e-09,0.19390726890608406,0.19390726836068625,0.1939072689441678,5.83481540861186e-10,3.0090751324221016e-09,0.19390726890597168,0.19390726835532934,0.19390726894416604,5.888367016204654e-10,3.0366922547189166e-09
11.8,stable_coexistence,0,30.000000002330225,29.99999999762088,30.00000010926987,1.1164899049731503e-07,3.7216330162880927e-09,0.1907343126128381,0.19073431206841826,0.19073431264935112,5.809328573747052e-10,3.045770052680077e-09,0.19073431261272594,0.19073431206317723,0.1907343126493495,5.861722773836675e-10,3.0732397823660102e-09
12.0,stable_coexistence,0,30.000000002362352,29.999999997721865,30.000000108633028,1.1091116292050174e-07,3.697038763725601e-09,0.18766360919469202,0.18766360865182957,0.18766360922975903,5.779294542929136e-10,3.079603215417947e-09,0.18766360919458017,0.18766360864670384,0.1876636092297585,5.830546601082176e-10,3.1069138156864004e-09
12.200000000000001,stable_coexistence,0,30.000000002391964,29.999999997816015,30.000000107935964,1.1011994871523711e-07,3.6706649568819005e-09,0.18469029036068887,0.18469028981989938,0.18469029039442325,5.745238729204516e-10,3.1107421608273957e-09,0.1846902903605774,0.18469028981488803,0.1846902903944219,5.795338653413751e-10,3.1378686135038687e-09
12.4,stable_coexistence,0,30.00000000241921,29.99999999790389,30.000000107184576,1.092806876101804e-07,3.6426895867122656e-09,0.18180979225839264,0.1818097917201326,0.18180979229089364,5.707610495342408e-10,3.1393306292493736e-09,0.18180979225828167,0.1818097917152345,0.181809792290893,5.756584930960429e-10,3.1662678117922866e-09
12.600000000000001,stable_coexistence,0,30.00000000244424,29.99999999798609,30.000000106384125,1.083980336602508e-07,3.6132677883806374e-09,0.17901783202623764,0.1790178314909119,0.1790178320575968,5.666848934549051e-10,3.1655220434791444e-09,0.17901783202612728,0.17901783148612582,0.17901783205759544,5.714696216241322e-10,3.1922497058322333e-09
12.8,stable_coexistence,0,30.000000002467182,29.999999998063007,30.000000105539538,1.0747653078624353e-07,3.582551025913491e-09,0.17631038648152178,0.17631038594948784,0.17631038651181996,5.623321253089841e-10,3.1894441191524255e-09,0.1763103864814121,0.17631038594481227,0.17631038651181924,5.670069691543489e-10,3.2159589713911928e-09
13.0,stable_coexistence,0,30.000000002488164,29.999999998135134,30.000000104655218,1.0652008342049157e-07,3.5506694470552307e-09,0.17368367272035803,0.17368367219193073,0.17368367274966895,5.577382167221145e-10,3.21122997911327e-09,0.1736836727202491,0.17368367218736416,0.1736836727496684,5.623042309554904e-10,3.237519233377717e-09
13.200000000000001,stable_coexistence,0,30.00000000250731,29.99999999820292,30.00000010373524,1.0553231888366099e-07,3.517743962494697e-09,0.17113413043229864,0.17113412990775406,0.171134130460689,5.529349478283763e-10,3.2310033447542856e-09,0.17113413043219047,0.17113412990329474,0.17113413046068804,5.573932981839391e-10,3.257055134333915e-09
13.4,stable_coexistence,0,30.000000002524732,29.99999999826658,30.000000102783336,1.045167543622938e-07,3.4838918117832633e-09,0.16865840575528507,0.16865840523486503,0.1686584057828155,5.479504627814435e-10,3.248877281435288e-09,0.16865840575517774,0.1686584052305112,0.1686584057828143,5.523030921494865e-10,3.2746846483963503e-09
13.600000000000001,stable_coexistence,0,30.0000000025405,29.999999998326476,30.00000010180291,1.0347643453201272e-07,3.449214484108333e-09,0.16625333651655932,0.1662533360004741,0.16625333654328456,5.428104632443365e-10,3.264959817454657e-09,0.16625333651645283,0.16625333599622394,0.16625333654328336,5.47059425537455e-10,3.290516972471788e-09
13.8,stable_coexistence,0,30.000000002554764,29.999999998382965,30.0000001007971,1.024141340622009e-07,3.4138044684493145e-09,0.1639159387226096,0.16391593821104117,0.16391593874857974,5.375385692119039e-10,3.279355097502521e-09,0.16391593872250407,0.1639159382068928,0.16391593874857868,5.41685890587118e-10,3.304656611241104e-09
14.0,stable_coexistence,0,30.00000000256758,29.99999999843622,30.000000099768705,1.0133248551369434e-07,3.377749516834056e-09,0.16164339417647924,0.16164339366958438,0.16164339420173965,5.321552642989502e-10,3.2921559647401967e-09,0.1616433941763747,0.1616433936655359,0.16164339420173887,5.362029709132798e-10,3.31719692997913e-09
14.200000000000001,stable_coexistence,0,30.000000002579057,29.99999999848649,30.000000098720374,1.0023388341551254e-07,3.341129446896519e-09,0.1594330391141324,0.15943303861204475,0.15943303913872497,5.266802272085869e-10,3.3034572390704543e-09,0.15943303911402879,0.15943303860809419,0.15943303913872456,5.306303729746276e-10,3.3282334447323042e-09
14.4,stable_coexistence,0,30.000000002589246,29.99999999853404,30.00000009765446,9.912042031601231e-08,3.30401401024858e-09,0.1572823537633073,0.1572823532661398,0.15728235378727035,5.211305553753931e-10,3.3133440777446284e-09,0.1572823537632047,0.15728235326228518,0.1572823537872699,5.249847223609549e-10,3.3378488419072016e-09
14.600000000000001,stable_coexistence,0,30.000000002598195,29.99999999857905,30.00000009657318,9.799413192013162e-08,3.2664710637214897e-09,0.15518895273861252,0.15518895224645848,0.15518895276198044,5.155219584551674e-10,3.321898558871434e-09,0.15518895273851097,0.15518895224269788,0.1551889527619797,5.192818119947873e-10,3.3461261438483913e-09
14.8,stable_coexistence,0,30.000000002606065,29.999999998621696,30.000000095478555,9.685685853355608e-08,3.2285619508380747e-09,0.1531505761957142,0.15315057570865204,0.15315057621851988,5.09867842390932e-10,3.3291931056097254e-09,0.15315057619561367,0.15315057570498344,0.1531505762185193,5.135358527308398e-10,3.353143458467409e-09
15.0,stable_coexistence,0,30.00000000261286,29.999999998662105,30.00000009437239,9.571028414256944e-08,3.1903428044744503e-09,0.15116508167551154,0.15116508119360358,0.15116508169778464,5.04181058014197e-10,3.3353010657346145e-09,0.15116508167541207,0.15116508119002503,0.1511650816977842,5.077591680446858e-10,3.3589712810460025e-09
15.200000000000001,stable_coexistence,0,30.000000002618666,29.99999999870052,30.000000093256375,9.455585470163896e-08,3.151861823112843e-09,0.1492304365762701,0.14923043609956493,0.14923043659803806,4.984731238888429e-10,3.340291265810746e-09,0.14923043657617172,0.1492304360960745,0.14923043659803728,5.019627768998447e-10,3.363675590693755e-09
15.4,stable_coexistence,0,30.000000002623526,29.999999998736957,30.000000092132023,9.339506590322344e-08,3.113168863168532e-09,0.14734471119800713,0.14734471072654143,0.14734471121929502,4.927535879328815e-10,3.344223107341112e-09,0.14734471119790982,0.14734471072313718,0.14734471121929466,4.96157476215231e-10,3.3673246374537394e-09
15.600000000000001,stable_coexistence,0,30.000000002627488,29.999999998771678,30.000000091000814,9.222913632811469e-08,3.074304544001233e-09,0.1455060723089831,0.14550607184278178,0.14550607232981444,4.870326641981393e-10,3.347163843196309e-09,0.14550607230888682,0.14550607183946182,0.1455060723298138,4.90351981241588e-10,3.3699760667076727e-09
15.8,stable_coexistence,0,30.00000000263063,29.99999999880465,30.000000089863942,9.10592916625319e-08,3.0353097218182376e-09,0.14371277718912376,0.14371277672820257,0.14371277720952022,4.813176524010032e-10,3.3491639491984306e-09,0.14371277718902858,0.14371277672496502,0.14371277720951975,4.845547296739028e-10,3.3716885801779053e-09
16.0,stable_coexistence,0,30.00000000263297,29.99999999883607,30.000000088722665,8.988659416786504e-08,2.996219805332536e-09,0.1419631681096098,0.14196316765397538,0.14196316812959137,4.756159910357383e-10,3.3502773808803117e-09,0.14196316810951573,0.14196316765081834,0.14196316812959114,4.787727991839574e-10,3.372514191953019e-09
16.2,stable_coexistence,0,30.00000000263456,29.999999998866063,30.000000087578034,8.871197110238427e-08,2.9570657031531234e-09,0.14025566721180618,0.14025566676145682,0.14025566723139168,4.699348687964289e-10,3.3505588625289305e-09,0.14025566721171318,0.1402556667583785,0.14025566723139107,4.730125735541435e-10,3.372502394788347e-09
16.400000000000002,stable_coexistence,0,30.000000002635456,29.99999999889463,30.00000008643103,8.753639946235126e-08,2.9178799818220437e-09,0.1385887717522162,0.13858877130714367,0.13858877177142306,4.642793927089883e-10,3.350050562098012e-09,0.13858877175212428,0.13858877130414224,0.13858877177142256,4.672803255445501e-10,3.371704068352019e-09
16.6,stable_coexistence,0,30.000000002635694,29.999999998921915,30.000000085282576,8.636066084477534e-08,2.878688694572933e-09,0.1369610496832868,0.13696104924347602,0.13696104970213116,4.5865514164411536e-10,3.34879984276348e-09,0.13696104968319597,0.13696104924054972,0.13696104970213083,4.6158110666993935e-10,3.37016332554122e-09
16.8,stable_coexistence,0,30.000000002635318,29.99999999894803,30.000000084133475,8.51854444761102e-08,2.839514815620906e-09,0.13537113554269986,0.13537113510813012,0.1353711355611967,4.530665842494841e-10,3.3468477783919513e-09,0.1353711355426101,0.13537113510527726,0.1353711355611965,4.559192468001072e-10,3.3679206794907647e-09
17.0,stable_coexistence,0,30.000000002634334,29.99999999897295,30.000000082984517,8.401156748050198e-08,2.8003855824374943e-09,0.13381772662630717,0.13381772619695276,0.13381772664447072,4.475179671281637e-10,3.344235314786636e-09,0.13381772662621846,0.1338177261941716,0.13381772664447047,4.5029888151582043e-10,3.365016675059786e-09
17.2,stable_coexistence,0,30.000000002632806,29.999999998996824,30.000000081836355,8.283953079057937e-08,2.761317692776979e-09,0.1322995794221242,0.13229957899795503,0.132299579439968,4.420129817717111e-10,3.3410006570118456e-09,0.13229957942203657,0.13229957899524392,0.13229957943996765,4.447237300642115e-10,3.3614901272326525e-09
17.400000000000002,stable_coexistence,0,30.000000002630763,29.999999999019664,30.00000008068965,8.166998455294561e-08,2.722332818192793e-09,0.130815506284836,0.13081550586581775,0.1308155063023723,4.365545425155659e-10,3.337177334046427e-09,0.1308155062847494,0.13081550586317509,0.1308155063023719,4.3919681780302255e-10,3.357375820929122e-09
17.6,stable_coexistence,0,30.000000002628212,29.99999999904155,30.000000079544932,8.050338351495157e-08,2.6834461169299634e-09,0.12936437233208942,0.12936437191818445,0.1293643723493299,4.311454526728653e-10,3.332799014910185e-09,0.1293643723320039,0.1293643719156086,0.12936437234932952,4.3372092028981513e-10,3.352707646404373e-09
17.8,stable_coexistence,0,30.000000002625203,29.999999999062553,30.0000000784028,7.934024637279435e-08,2.6446748788617184e-09,0.1279450925455024,0.12794509213666985,0.12794509256245787,4.257880159563854e-10,3.3278964240457663e-09,0.12794509254541794,0.1279450921341593,0.1279450925624575,4.2829820245948724e-10,3.3475156720641444e-09
18.0,stable_coexistence,0,30.000000002621743,29.999999999082675,30.000000077263675,7.818099945211543e-08,2.6060333148427694e-09,0.12655662906080034,0.12655662865699646,0.12655662907748114,4.204846748567803e-10,3.3225021713779034e-09,0.1265566290607169,0.12655662865454967,0.12655662907748083,4.229311623138443e-10,3.3418333393735954e-09
18.2,stable_coexistence,0,30.00000000261789,29.999999999102002,30.00000007612799,7.702598736614163e-08,2.5675329119806704e-09,0.12519798863283502,0.1251979882340141,0.1251979886492509,4.152368171528309e-10,3.3166412790430854e-09,0.12519798863275255,0.12519798823162956,0.12519798864925072,4.176211598760915e-10,3.3356858559534075e-09
18.400000000000002,stable_coexistence,0,30.000000002613632,29.999999999120547,30.000000074996137,7.58755902552366e-08,2.5291863416208747e-09,0.12386822026245556,0.12386821986856936,0.1238682202786157,4.100463441014668e-10,3.3103433893911243e-09,0.12386822026237417,0.12386821986624566,0.12386822027861556,4.1236990211412916e-10,3.329101695662177e-09
18.6,stable_coexistence,0,30.000000002609017,29.999999999138385,30.000000073868524,7.473013852177246e-08,2.4910046171757797e-09,0.12256641297329715,0.12256641258429585,0.12256641298921034,4.049144908258029e-10,3.3036333609111657e-09,0.12256641297321676,0.12256641258203158,0.12256641298921012,4.0717854088434535e-10,3.3221053876588425e-09
18.8,stable_coexistence,0,30.000000002604054,29.99999999915554,30.000000072745397,7.358985598671097e-08,2.452995199344108e-09,0.12129169372755055,0.12129169334338293,0.12129169374322486,3.998419373374418e-10,3.2965318980174914e-09,0.12129169372747114,0.12129169334117668,0.12129169374322454,4.020478672206451e-10,3.3147188802886892e-09
19.0,stable_coexistence,0,30.000000002598753,29.999999999172058,30.000000071627095,7.245503752528748e-08,2.4151679173003686e-09,0.12004322547067696,0.12004322509129024,0.12004322548612004,3.948297938594081e-10,3.289063521171798e-09,0.12004322547059854,0.12004322508914068,0.12004322548611962,3.9697893583490185e-10,3.306966588732058e-09
19.200000000000003,stable_coexistence,0,30.000000002593165,29.99999999918796,30.00000007052115,7.133319002150529e-08,2.3777730005113112e-09,0.11882020529585388,0.11882020492119434,0.11882020531107307,3.898787265255166e-10,3.2812493931881613e-09,0.11882020529577643,0.11882020491910017,0.11882020531107283,3.9197266266111086e-10,3.298872120994733e-09
19.400000000000002,stable_coexistence,0,30.000000002587274,29.99999999920326,30.000000069448713,7.024545212175326e-08,2.341515070523171e-09,0.11762186271968214,0.11762186234969511,0.11762186273468445,3.84989332080643e-10,3.273110314518237e-09,0.11762186271960563,0.11762186234765505,0.11762186273468428,3.8702922811051366e-10,3.2904531450342265e-09
19.6,stable_coexistence,0,30.000000002581118,29.99999999921801,30.000000068414195,6.919618655842896e-08,2.306539551749184e-09,0.11644745806136125,0.11644745769599149,0.11644745807615332,3.801618325693923e-10,3.2646640716628195e-09,0.1164474580612857,0.11644745769400429,0.11644745807615302,3.821487293276249e-10,3.281726674759175e-09
19.8,stable_coexistence,0,30.000000002574698,29.99999999923225,30.000000067411293,6.81790410794747e-08,2.2726347024541118e-09,0.11529628091816099,0.1152962805573525,0.11529628093274902,3.753965194253084e-10,3.255929128293107e-09,0.11529628091808637,0.11529628055541692,0.11529628093274874,3.7733181856847153e-10,3.2727145712232312e-09
20.0,stable_coexistence,0,30.000000002568036,29.999999999245958,30.000000066440844,6.719488609974178e-08,2.239829536466327e-09,0.11416764873057658,0.11416764837427322,0.11416764874496656,3.7069333713724006e-10,3.2469210083500393e-09,0.11416764873050292,0.11416764837238809,0.1141676487449664,3.725783154218121e-10,3.263431625024477e-09
